id,timestamp,source,device_id,distance_cm,water_height_cm,water_level_percent,volume_liters,uptime_ms,sensor_status,is_anomaly,is_leak
1287,2026-10-02T19:41:07.193027,SIMULATION,AQUATWIN-SIM-01,150.0,0.0,0.0,0.0,967000,NORMAL,0,0
1286,2026-10-02T19:41:06.167639,SIMULATION,AQUATWIN-SIM-01,150.0,0.0,0.0,0.0,966000,NORMAL,1,0
1278,2026-10-02T19:40:44.980297,SIMULATION,AQUATWIN-SIM-01,150.0,0.0,0.0,0.0,965000,NORMAL,0,0
1277,2026-10-02T19:40:43.958856,SIMULATION,AQUATWIN-SIM-01,150.0,0.0,0.0,0.0,964000,NORMAL,0,0
1276,2026-10-02T19:40:42.959235,SIMULATION,AQUATWIN-SIM-01,150.0,0.0,0.0,0.0,963000,NORMAL,1,0
1274,2026-10-02T19:40:41.935016,SIMULATION,AQUATWIN-SIM-01,150.0,0.0,0.0,0.0,962000,NORMAL,0,0
1273,2026-10-02T19:40:40.926959,SIMULATION,AQUATWIN-SIM-01,150.0,0.0,0.0,0.0,961000,NORMAL,0,0
1272,2026-10-02T19:40:39.891474,SIMULATION,AQUATWIN-SIM-01,150.0,0.0,0.0,0.0,960000,NORMAL,1,0
1270,2026-10-02T19:40:38.867950,SIMULATION,AQUATWIN-SIM-01,150.0,0.0,0.0,0.0,959000,NORMAL,0,0
1269,2026-10-02T19:40:37.843536,SIMULATION,AQUATWIN-SIM-01,150.0,0.0,0.0,0.0,958000,NORMAL,0,0
1268,2026-10-02T19:40:36.812536,SIMULATION,AQUATWIN-SIM-01,150.0,0.0,0.0,0.0,957000,NORMAL,1,0
1266,2026-10-02T19:40:35.802060,SIMULATION,AQUATWIN-SIM-01,150.0,0.0,0.0,0.0,956000,NORMAL,0,0
1265,2026-10-02T19:40:34.789930,SIMULATION,AQUATWIN-SIM-01,150.0,0.0,0.0,0.0,955000,NORMAL,0,0
1264,2026-10-02T19:40:33.768814,SIMULATION,AQUATWIN-SIM-01,150.0,0.0,0.0,0.0,954000,NORMAL,1,0
1262,2026-10-02T19:40:32.740232,SIMULATION,AQUATWIN-SIM-01,150.0,0.0,0.0,0.0,953000,NORMAL,0,0
1261,2026-10-02T19:40:31.719854,SIMULATION,AQUATWIN-SIM-01,150.0,0.0,0.0,0.0,952000,NORMAL,0,0
1260,2026-10-02T19:40:30.698456,SIMULATION,AQUATWIN-SIM-01,150.0,0.0,0.0,0.0,951000,NORMAL,1,0
1258,2026-10-02T19:40:29.667902,SIMULATION,AQUATWIN-SIM-01,150.0,0.0,0.0,0.0,950000,NORMAL,0,0
1257,2026-10-02T19:40:28.675682,SIMULATION,AQUATWIN-SIM-01,150.0,0.0,0.0,0.0,949000,NORMAL,0,0
1256,2026-10-02T19:40:27.634893,SIMULATION,AQUATWIN-SIM-01,150.0,0.0,0.0,0.0,948000,NORMAL,1,0
1254,2026-10-02T19:40:26.596040,SIMULATION,AQUATWIN-SIM-01,150.0,0.0,0.0,0.0,947000,NORMAL,0,0
1253,2026-10-02T19:40:25.588774,SIMULATION,AQUATWIN-SIM-01,150.0,0.0,0.0,0.0,946000,NORMAL,0,0
1252,2026-10-02T19:40:24.565826,SIMULATION,AQUATWIN-SIM-01,150.0,0.0,0.0,0.0,945000,NORMAL,1,0
1250,2026-10-02T19:40:23.555488,SIMULATION,AQUATWIN-SIM-01,150.0,0.0,0.0,0.0,944000,NORMAL,0,0
1249,2026-10-02T19:40:22.543731,SIMULATION,AQUATWIN-SIM-01,150.0,0.0,0.0,0.0,943000,NORMAL,0,0
1248,2026-10-02T19:40:21.515827,SIMULATION,AQUATWIN-SIM-01,150.0,0.0,0.0,0.0,942000,NORMAL,1,0
1246,2026-10-02T19:40:20.508308,SIMULATION,AQUATWIN-SIM-01,150.0,0.0,0.0,0.0,941000,NORMAL,0,0
1245,2026-10-02T19:40:19.485846,SIMULATION,AQUATWIN-SIM-01,150.0,0.0,0.0,0.0,940000,NORMAL,0,0
1244,2026-10-02T19:40:18.462052,SIMULATION,AQUATWIN-SIM-01,150.0,0.0,0.0,0.0,939000,NORMAL,1,0
1242,2026-10-02T19:40:17.436726,SIMULATION,AQUATWIN-SIM-01,150.0,0.0,0.0,0.0,938000,NORMAL,0,0
1241,2026-10-02T19:40:16.413472,SIMULATION,AQUATWIN-SIM-01,150.0,0.0,0.0,0.0,937000,NORMAL,0,0
1240,2026-10-02T19:40:15.391504,SIMULATION,AQUATWIN-SIM-01,150.0,0.0,0.0,0.0,936000,NORMAL,1,0
1238,2026-10-02T19:40:14.379692,SIMULATION,AQUATWIN-SIM-01,150.0,0.0,0.0,0.0,935000,NORMAL,0,0
1237,2026-10-02T19:40:13.365894,SIMULATION,AQUATWIN-SIM-01,150.0,0.0,0.0,0.0,934000,NORMAL,0,0
1236,2026-10-02T19:40:12.382189,SIMULATION,AQUATWIN-SIM-01,150.0,0.0,0.0,0.0,933000,NORMAL,1,0
1234,2026-10-02T19:40:11.359156,SIMULATION,AQUATWIN-SIM-01,150.0,0.0,0.0,0.0,932000,NORMAL,0,0
1233,2026-10-02T19:40:10.333282,SIMULATION,AQUATWIN-SIM-01,150.0,0.0,0.0,0.0,931000,NORMAL,0,0
1232,2026-10-02T19:40:09.311500,SIMULATION,AQUATWIN-SIM-01,150.0,0.0,0.0,0.0,930000,NORMAL,1,0
1230,2026-10-02T19:40:08.288518,SIMULATION,AQUATWIN-SIM-01,150.0,0.0,0.0,0.0,929000,NORMAL,0,0
1229,2026-10-02T19:40:07.267788,SIMULATION,AQUATWIN-SIM-01,150.0,0.0,0.0,0.0,928000,NORMAL,0,0
1228,2026-10-02T19:40:06.259858,SIMULATION,AQUATWIN-SIM-01,150.0,0.0,0.0,0.0,927000,NORMAL,1,0
1226,2026-10-02T19:40:05.249062,SIMULATION,AQUATWIN-SIM-01,150.0,0.0,0.0,0.0,926000,NORMAL,0,0
1225,2026-10-02T19:40:04.220075,SIMULATION,AQUATWIN-SIM-01,150.0,0.0,0.0,0.0,925000,NORMAL,0,0
1224,2026-10-02T19:40:03.227993,SIMULATION,AQUATWIN-SIM-01,150.0,0.0,0.0,0.0,924000,NORMAL,1,0
1222,2026-10-02T19:40:02.218530,SIMULATION,AQUATWIN-SIM-01,150.0,0.0,0.0,0.0,923000,NORMAL,0,0
1221,2026-10-02T19:40:01.189807,SIMULATION,AQUATWIN-SIM-01,150.0,0.0,0.0,0.0,922000,NORMAL,0,0
1220,2026-10-02T19:40:00.179286,SIMULATION,AQUATWIN-SIM-01,150.0,0.0,0.0,0.0,921000,NORMAL,1,0
1218,2026-10-02T19:39:59.175665,SIMULATION,AQUATWIN-SIM-01,150.0,0.0,0.0,0.0,920000,NORMAL,0,0
1217,2026-10-02T19:39:58.148852,SIMULATION,AQUATWIN-SIM-01,150.0,0.0,0.0,0.0,919000,NORMAL,0,0
1216,2026-10-02T19:39:57.136678,SIMULATION,AQUATWIN-SIM-01,150.0,0.0,0.0,0.0,918000,NORMAL,1,0
1214,2026-10-02T19:39:56.131432,SIMULATION,AQUATWIN-SIM-01,150.0,0.0,0.0,0.0,917000,NORMAL,0,0
1213,2026-10-02T19:39:55.092001,SIMULATION,AQUATWIN-SIM-01,150.0,0.0,0.0,0.0,916000,NORMAL,0,0
1212,2026-10-02T19:39:54.062432,SIMULATION,AQUATWIN-SIM-01,150.0,0.0,0.0,0.0,915000,NORMAL,1,0
1210,2026-10-02T19:39:53.037364,SIMULATION,AQUATWIN-SIM-01,150.0,0.0,0.0,0.0,914000,NORMAL,0,0
1209,2026-10-02T19:39:52.025308,SIMULATION,AQUATWIN-SIM-01,150.0,0.0,0.0,0.0,913000,NORMAL,0,0
1208,2026-10-02T19:39:51.001484,SIMULATION,AQUATWIN-SIM-01,150.0,0.0,0.0,0.0,912000,NORMAL,1,0
1206,2026-10-02T19:39:49.994938,SIMULATION,AQUATWIN-SIM-01,150.0,0.0,0.0,0.0,911000,NORMAL,0,0
1205,2026-10-02T19:39:48.997241,SIMULATION,AQUATWIN-SIM-01,150.0,0.0,0.0,0.0,910000,NORMAL,0,0
1204,2026-10-02T19:39:47.970816,SIMULATION,AQUATWIN-SIM-01,150.0,0.0,0.0,0.0,909000,NORMAL,1,0
1202,2026-10-02T19:39:46.942417,SIMULATION,AQUATWIN-SIM-01,150.0,0.0,0.0,0.0,908000,NORMAL,0,0
1201,2026-10-02T19:39:45.929946,SIMULATION,AQUATWIN-SIM-01,150.0,0.0,0.0,0.0,907000,NORMAL,0,0
1200,2026-10-02T19:39:44.903138,SIMULATION,AQUATWIN-SIM-01,150.0,0.0,0.0,0.0,906000,NORMAL,1,0
1198,2026-10-02T19:39:43.895452,SIMULATION,AQUATWIN-SIM-01,150.0,0.0,0.0,0.0,905000,NORMAL,0,0
1197,2026-10-02T19:39:42.873499,SIMULATION,AQUATWIN-SIM-01,150.0,0.0,0.0,0.0,904000,NORMAL,0,0
1196,2026-10-02T19:39:41.849799,SIMULATION,AQUATWIN-SIM-01,150.0,0.0,0.0,0.0,903000,NORMAL,1,0
1194,2026-10-02T19:39:40.835587,SIMULATION,AQUATWIN-SIM-01,150.0,0.0,0.0,0.0,902000,NORMAL,0,0
1193,2026-10-02T19:39:39.836067,SIMULATION,AQUATWIN-SIM-01,150.0,0.0,0.0,0.0,901000,NORMAL,0,0
1192,2026-10-02T19:39:38.809643,SIMULATION,AQUATWIN-SIM-01,150.0,0.0,0.0,0.0,900000,NORMAL,1,0
1190,2026-10-02T19:39:37.793730,SIMULATION,AQUATWIN-SIM-01,150.0,0.0,0.0,0.0,899000,NORMAL,0,0
1189,2026-10-02T19:39:36.770335,SIMULATION,AQUATWIN-SIM-01,150.0,0.0,0.0,0.0,898000,NORMAL,0,0
1188,2026-10-02T19:39:35.746981,SIMULATION,AQUATWIN-SIM-01,150.0,0.0,0.0,0.0,897000,NORMAL,1,0
1186,2026-10-02T19:39:34.725855,SIMULATION,AQUATWIN-SIM-01,150.0,0.0,0.0,0.0,896000,NORMAL,0,0
1185,2026-10-02T19:39:33.718911,SIMULATION,AQUATWIN-SIM-01,150.0,0.0,0.0,0.0,895000,NORMAL,0,0
1184,2026-10-02T19:39:32.691401,SIMULATION,AQUATWIN-SIM-01,150.0,0.0,0.0,0.0,894000,NORMAL,1,0
1182,2026-10-02T19:39:31.665387,SIMULATION,AQUATWIN-SIM-01,150.0,0.0,0.0,0.0,893000,NORMAL,0,0
1181,2026-10-02T19:39:30.640979,SIMULATION,AQUATWIN-SIM-01,150.0,0.0,0.0,0.0,892000,NORMAL,0,0
1180,2026-10-02T19:39:29.614998,SIMULATION,AQUATWIN-SIM-01,150.0,0.0,0.0,0.0,891000,NORMAL,1,0
1178,2026-10-02T19:39:28.585838,SIMULATION,AQUATWIN-SIM-01,150.0,0.0,0.0,0.0,890000,NORMAL,0,0
1177,2026-10-02T19:39:27.605968,SIMULATION,AQUATWIN-SIM-01,150.0,0.0,0.0,0.0,889000,NORMAL,0,0
1176,2026-10-02T19:39:26.585896,SIMULATION,AQUATWIN-SIM-01,150.0,0.0,0.0,0.0,888000,NORMAL,1,0
1174,2026-10-02T19:39:25.562868,SIMULATION,AQUATWIN-SIM-01,150.0,0.0,0.0,0.0,887000,NORMAL,0,0
1173,2026-10-02T19:39:24.537334,SIMULATION,AQUATWIN-SIM-01,150.0,0.0,0.0,0.0,886000,NORMAL,0,0
1172,2026-10-02T19:39:23.540942,SIMULATION,AQUATWIN-SIM-01,150.0,0.0,0.0,0.0,885000,NORMAL,1,0
1170,2026-10-02T19:39:22.544810,SIMULATION,AQUATWIN-SIM-01,150.0,0.0,0.0,0.0,884000,NORMAL,0,0
1169,2026-10-02T19:39:21.515645,SIMULATION,AQUATWIN-SIM-01,150.0,0.0,0.0,0.0,883000,NORMAL,0,0
1168,2026-10-02T19:39:20.482596,SIMULATION,AQUATWIN-SIM-01,150.0,0.0,0.0,0.0,882000,NORMAL,1,0
1166,2026-10-02T19:39:19.448676,SIMULATION,AQUATWIN-SIM-01,150.0,0.0,0.0,0.0,881000,NORMAL,0,0
1165,2026-10-02T19:39:18.429080,SIMULATION,AQUATWIN-SIM-01,150.0,0.0,0.0,0.0,880000,NORMAL,0,0
1164,2026-10-02T19:39:17.424274,SIMULATION,AQUATWIN-SIM-01,150.0,0.0,0.0,0.0,879000,NORMAL,1,0
1162,2026-10-02T19:39:16.418135,SIMULATION,AQUATWIN-SIM-01,150.0,0.0,0.0,0.0,878000,NORMAL,0,0
1161,2026-10-02T19:39:15.397489,SIMULATION,AQUATWIN-SIM-01,150.0,0.0,0.0,0.0,877000,NORMAL,0,0
1160,2026-10-02T19:39:14.378212,SIMULATION,AQUATWIN-SIM-01,150.0,0.0,0.0,0.0,876000,NORMAL,1,0
1158,2026-10-02T19:39:13.349237,SIMULATION,AQUATWIN-SIM-01,150.0,0.0,0.0,0.0,875000,NORMAL,0,0
1157,2026-10-02T19:39:12.324103,SIMULATION,AQUATWIN-SIM-01,150.0,0.0,0.0,0.0,874000,NORMAL,0,0
1156,2026-10-02T19:39:11.313572,SIMULATION,AQUATWIN-SIM-01,150.0,0.0,0.0,0.0,873000,NORMAL,1,0
1154,2026-10-02T19:39:10.286815,SIMULATION,AQUATWIN-SIM-01,150.0,0.0,0.0,0.0,872000,NORMAL,0,0
1153,2026-10-02T19:39:09.297836,SIMULATION,AQUATWIN-SIM-01,150.0,0.0,0.0,0.0,871000,NORMAL,0,0
1152,2026-10-02T19:39:08.272127,SIMULATION,AQUATWIN-SIM-01,150.0,0.0,0.0,0.0,870000,NORMAL,1,0
1150,2026-10-02T19:39:07.254476,SIMULATION,AQUATWIN-SIM-01,150.0,0.0,0.0,0.0,869000,NORMAL,0,0
1149,2026-10-02T19:39:06.240646,SIMULATION,AQUATWIN-SIM-01,150.0,0.0,0.0,0.0,868000,NORMAL,0,0
1148,2026-10-02T19:39:05.230733,SIMULATION,AQUATWIN-SIM-01,150.0,0.0,0.0,0.0,867000,NORMAL,1,0
1146,2026-10-02T19:39:04.221771,SIMULATION,AQUATWIN-SIM-01,150.0,0.0,0.0,0.0,866000,NORMAL,0,0
1145,2026-10-02T19:39:03.211718,SIMULATION,AQUATWIN-SIM-01,150.0,0.0,0.0,0.0,865000,NORMAL,0,0
1144,2026-10-02T19:39:02.184725,SIMULATION,AQUATWIN-SIM-01,150.0,0.0,0.0,0.0,864000,NORMAL,1,0
1142,2026-10-02T19:39:01.177963,SIMULATION,AQUATWIN-SIM-01,150.0,0.0,0.0,0.0,863000,NORMAL,0,0
1141,2026-10-02T19:39:00.146761,SIMULATION,AQUATWIN-SIM-01,150.0,0.0,0.0,0.0,862000,NORMAL,0,0
1140,2026-10-02T19:38:59.138499,SIMULATION,AQUATWIN-SIM-01,150.0,0.0,0.0,0.0,861000,NORMAL,1,0
1138,2026-10-02T19:38:58.115070,SIMULATION,AQUATWIN-SIM-01,150.0,0.0,0.0,0.0,860000,NORMAL,0,0
1137,2026-10-02T19:38:57.104383,SIMULATION,AQUATWIN-SIM-01,150.0,0.0,0.0,0.0,859000,NORMAL,0,0
1136,2026-10-02T19:38:56.076701,SIMULATION,AQUATWIN-SIM-01,150.0,0.0,0.0,0.0,858000,NORMAL,1,0
1134,2026-10-02T19:38:55.063883,SIMULATION,AQUATWIN-SIM-01,150.0,0.0,0.0,0.0,857000,NORMAL,0,0
1133,2026-10-02T19:38:54.038461,SIMULATION,AQUATWIN-SIM-01,150.0,0.0,0.0,0.0,856000,NORMAL,0,0
1132,2026-10-02T19:38:53.013836,SIMULATION,AQUATWIN-SIM-01,150.0,0.0,0.0,0.0,855000,NORMAL,1,0
1130,2026-10-02T19:38:51.991345,SIMULATION,AQUATWIN-SIM-01,150.0,0.0,0.0,0.0,854000,NORMAL,0,0
1129,2026-10-02T19:38:50.969042,SIMULATION,AQUATWIN-SIM-01,150.0,0.0,0.0,0.0,853000,NORMAL,0,0
1128,2026-10-02T19:38:49.960107,SIMULATION,AQUATWIN-SIM-01,150.0,0.0,0.0,0.0,852000,NORMAL,1,0
1126,2026-10-02T19:38:48.964967,SIMULATION,AQUATWIN-SIM-01,150.0,0.0,0.0,0.0,851000,NORMAL,0,0
1125,2026-10-02T19:38:47.973262,SIMULATION,AQUATWIN-SIM-01,150.0,0.0,0.0,0.0,850000,NORMAL,0,0
1124,2026-10-02T19:38:46.961699,SIMULATION,AQUATWIN-SIM-01,150.0,0.0,0.0,0.0,849000,NORMAL,1,0
1122,2026-10-02T19:38:45.938175,SIMULATION,AQUATWIN-SIM-01,150.0,0.0,0.0,0.0,848000,NORMAL,0,0
1121,2026-10-02T19:38:44.909717,SIMULATION,AQUATWIN-SIM-01,150.0,0.0,0.0,0.0,847000,NORMAL,0,0
1120,2026-10-02T19:38:43.889527,SIMULATION,AQUATWIN-SIM-01,150.0,0.0,0.0,0.0,846000,NORMAL,1,0
1118,2026-10-02T19:38:42.878025,SIMULATION,AQUATWIN-SIM-01,150.0,0.0,0.0,0.0,845000,NORMAL,0,0
1117,2026-10-02T19:38:41.869214,SIMULATION,AQUATWIN-SIM-01,150.0,0.0,0.0,0.0,844000,NORMAL,0,0
1116,2026-10-02T19:38:40.856936,SIMULATION,AQUATWIN-SIM-01,150.0,0.0,0.0,0.0,843000,NORMAL,1,0
1114,2026-10-02T19:38:39.824886,SIMULATION,AQUATWIN-SIM-01,150.0,0.0,0.0,0.0,842000,NORMAL,0,0
1113,2026-10-02T19:38:38.804029,SIMULATION,AQUATWIN-SIM-01,150.0,0.0,0.0,0.0,841000,NORMAL,0,0
1112,2026-10-02T19:38:37.793291,SIMULATION,AQUATWIN-SIM-01,150.0,0.0,0.0,0.0,840000,NORMAL,1,0
1110,2026-10-02T19:38:36.768610,SIMULATION,AQUATWIN-SIM-01,150.0,0.0,0.0,0.0,839000,NORMAL,0,0
1109,2026-10-02T19:38:35.728960,SIMULATION,AQUATWIN-SIM-01,150.0,0.0,0.0,0.0,838000,NORMAL,0,0
1108,2026-10-02T19:38:34.702700,SIMULATION,AQUATWIN-SIM-01,150.0,0.0,0.0,0.0,837000,NORMAL,1,0
1106,2026-10-02T19:38:33.680227,SIMULATION,AQUATWIN-SIM-01,150.0,0.0,0.0,0.0,836000,NORMAL,0,0
1105,2026-10-02T19:38:32.669188,SIMULATION,AQUATWIN-SIM-01,150.0,0.0,0.0,0.0,835000,NORMAL,0,0
1104,2026-10-02T19:38:31.643341,SIMULATION,AQUATWIN-SIM-01,150.0,0.0,0.0,0.0,834000,NORMAL,1,0
1102,2026-10-02T19:38:30.616916,SIMULATION,AQUATWIN-SIM-01,150.0,0.0,0.0,0.0,833000,NORMAL,0,0
1101,2026-10-02T19:38:29.603643,SIMULATION,AQUATWIN-SIM-01,150.0,0.0,0.0,0.0,832000,NORMAL,0,0
1100,2026-10-02T19:38:28.575853,SIMULATION,AQUATWIN-SIM-01,150.0,0.0,0.0,0.0,831000,NORMAL,1,0
1098,2026-10-02T19:38:27.551411,SIMULATION,AQUATWIN-SIM-01,150.0,0.0,0.0,0.0,830000,NORMAL,0,0
1097,2026-10-02T19:38:26.523919,SIMULATION,AQUATWIN-SIM-01,150.0,0.0,0.0,0.0,829000,NORMAL,0,0
1096,2026-10-02T19:38:25.513001,SIMULATION,AQUATWIN-SIM-01,150.0,0.0,0.0,0.0,828000,NORMAL,1,0
1094,2026-10-02T19:38:24.485809,SIMULATION,AQUATWIN-SIM-01,150.0,0.0,0.0,0.0,827000,NORMAL,0,0
1093,2026-10-02T19:38:23.475224,SIMULATION,AQUATWIN-SIM-01,150.0,0.0,0.0,0.0,826000,NORMAL,0,0
1092,2026-10-02T19:38:22.460307,SIMULATION,AQUATWIN-SIM-01,150.0,0.0,0.0,0.0,825000,NORMAL,1,0
1090,2026-10-02T19:38:21.435969,SIMULATION,AQUATWIN-SIM-01,150.0,0.0,0.0,0.0,824000,NORMAL,0,0
1089,2026-10-02T19:38:20.412649,SIMULATION,AQUATWIN-SIM-01,150.0,0.0,0.0,0.0,823000,NORMAL,0,0
1088,2026-10-02T19:38:19.405686,SIMULATION,AQUATWIN-SIM-01,150.0,0.0,0.0,0.0,822000,NORMAL,1,0
1086,2026-10-02T19:38:18.382068,SIMULATION,AQUATWIN-SIM-01,150.0,0.0,0.0,0.0,821000,NORMAL,0,0
1085,2026-10-02T19:38:17.358365,SIMULATION,AQUATWIN-SIM-01,150.0,0.0,0.0,0.0,820000,NORMAL,0,0
1084,2026-10-02T19:38:16.336587,SIMULATION,AQUATWIN-SIM-01,150.0,0.0,0.0,0.0,819000,NORMAL,1,0
1082,2026-10-02T19:38:15.339671,SIMULATION,AQUATWIN-SIM-01,150.0,0.0,0.0,0.0,818000,NORMAL,0,0
1081,2026-10-02T19:38:14.316250,SIMULATION,AQUATWIN-SIM-01,150.0,0.0,0.0,0.0,817000,NORMAL,0,0
1080,2026-10-02T19:38:13.292390,SIMULATION,AQUATWIN-SIM-01,150.0,0.0,0.0,0.0,816000,NORMAL,1,0
1078,2026-10-02T19:38:12.276439,SIMULATION,AQUATWIN-SIM-01,150.0,0.0,0.0,0.0,815000,NORMAL,0,0
1077,2026-10-02T19:38:11.251687,SIMULATION,AQUATWIN-SIM-01,150.0,0.0,0.0,0.0,814000,NORMAL,0,0
1076,2026-10-02T19:38:10.257861,SIMULATION,AQUATWIN-SIM-01,150.0,0.0,0.0,0.0,813000,NORMAL,0,0
1075,2026-10-02T19:38:09.247229,SIMULATION,AQUATWIN-SIM-01,150.0,0.0,0.0,0.0,812000,NORMAL,1,0
1073,2026-10-02T19:38:08.235333,SIMULATION,AQUATWIN-SIM-01,150.0,0.0,0.0,0.0,811000,NORMAL,0,0
1072,2026-10-02T19:38:07.211908,SIMULATION,AQUATWIN-SIM-01,150.0,0.0,0.0,0.0,810000,NORMAL,0,0
1071,2026-10-02T19:38:06.187025,SIMULATION,AQUATWIN-SIM-01,150.0,0.0,0.0,0.0,809000,NORMAL,1,0
1069,2026-10-02T19:38:05.171215,SIMULATION,AQUATWIN-SIM-01,150.0,0.0,0.0,0.0,808000,NORMAL,0,0
1068,2026-10-02T19:38:04.178110,SIMULATION,AQUATWIN-SIM-01,150.0,0.0,0.0,0.0,807000,NORMAL,0,0
1067,2026-10-02T19:38:03.154651,SIMULATION,AQUATWIN-SIM-01,150.0,0.0,0.0,0.0,806000,NORMAL,1,0
1065,2026-10-02T19:38:02.149175,SIMULATION,AQUATWIN-SIM-01,150.0,0.0,0.0,0.0,805000,NORMAL,0,0
1064,2026-10-02T19:38:01.133335,SIMULATION,AQUATWIN-SIM-01,150.0,0.0,0.0,0.0,804000,NORMAL,0,0
1063,2026-10-02T19:38:00.116619,SIMULATION,AQUATWIN-SIM-01,150.0,0.0,0.0,0.0,803000,NORMAL,1,0
1061,2026-10-02T19:37:59.122116,SIMULATION,AQUATWIN-SIM-01,150.0,0.0,0.0,0.0,802000,NORMAL,0,0
1060,2026-10-02T19:37:58.128360,SIMULATION,AQUATWIN-SIM-01,150.0,0.0,0.0,0.0,801000,NORMAL,0,0
1059,2026-10-02T19:37:57.099450,SIMULATION,AQUATWIN-SIM-01,150.0,0.0,0.0,0.0,800000,NORMAL,1,0
1057,2026-10-02T19:37:56.089834,SIMULATION,AQUATWIN-SIM-01,150.0,0.0,0.0,0.0,799000,NORMAL,0,0
1056,2026-10-02T19:37:55.064926,SIMULATION,AQUATWIN-SIM-01,150.0,0.0,0.0,0.0,798000,NORMAL,0,0
1055,2026-10-02T19:37:54.051061,SIMULATION,AQUATWIN-SIM-01,150.0,0.0,0.0,0.0,797000,NORMAL,1,0
1053,2026-10-02T19:37:53.057726,SIMULATION,AQUATWIN-SIM-01,150.0,0.0,0.0,0.0,796000,NORMAL,0,0
1052,2026-10-02T19:37:52.037994,SIMULATION,AQUATWIN-SIM-01,150.0,0.0,0.0,0.0,795000,NORMAL,0,0
1051,2026-10-02T19:37:51.015906,SIMULATION,AQUATWIN-SIM-01,150.0,0.0,0.0,0.0,794000,NORMAL,1,0
1049,2026-10-02T19:37:49.984333,SIMULATION,AQUATWIN-SIM-01,150.0,0.0,0.0,0.0,793000,NORMAL,0,0
1048,2026-10-02T19:37:48.958383,SIMULATION,AQUATWIN-SIM-01,150.0,0.0,0.0,0.0,792000,NORMAL,0,0
1047,2026-10-02T19:37:47.919780,SIMULATION,AQUATWIN-SIM-01,150.0,0.0,0.0,0.0,791000,NORMAL,1,0
1045,2026-10-02T19:37:46.910248,SIMULATION,AQUATWIN-SIM-01,150.0,0.0,0.0,0.0,790000,NORMAL,0,0
1044,2026-10-02T19:37:45.872594,SIMULATION,AQUATWIN-SIM-01,150.0,0.0,0.0,0.0,789000,NORMAL,0,0
1043,2026-10-02T19:37:44.864988,SIMULATION,AQUATWIN-SIM-01,150.0,0.0,0.0,0.0,788000,NORMAL,1,0
1041,2026-10-02T19:37:43.838949,SIMULATION,AQUATWIN-SIM-01,150.0,0.0,0.0,0.0,787000,NORMAL,0,0
1040,2026-10-02T19:37:42.810325,SIMULATION,AQUATWIN-SIM-01,150.0,0.0,0.0,0.0,786000,NORMAL,0,0
1039,2026-10-02T19:37:41.782149,SIMULATION,AQUATWIN-SIM-01,150.0,0.0,0.0,0.0,785000,NORMAL,1,0
1037,2026-10-02T19:37:40.759120,SIMULATION,AQUATWIN-SIM-01,150.0,0.0,0.0,0.0,784000,NORMAL,0,0
1036,2026-10-02T19:37:39.732645,SIMULATION,AQUATWIN-SIM-01,150.0,0.0,0.0,0.0,783000,NORMAL,0,0
1035,2026-10-02T19:37:38.707281,SIMULATION,AQUATWIN-SIM-01,150.0,0.0,0.0,0.0,782000,NORMAL,1,0
1033,2026-10-02T19:37:37.684287,SIMULATION,AQUATWIN-SIM-01,150.0,0.0,0.0,0.0,781000,NORMAL,0,0
1032,2026-10-02T19:37:36.668394,SIMULATION,AQUATWIN-SIM-01,150.0,0.0,0.0,0.0,780000,NORMAL,0,0
1031,2026-10-02T19:37:35.645524,SIMULATION,AQUATWIN-SIM-01,150.0,0.0,0.0,0.0,779000,NORMAL,1,0
1029,2026-10-02T19:37:34.605562,SIMULATION,AQUATWIN-SIM-01,150.0,0.0,0.0,0.0,778000,NORMAL,0,0
1028,2026-10-02T19:37:33.595417,SIMULATION,AQUATWIN-SIM-01,150.0,0.0,0.0,0.0,777000,NORMAL,0,0
1027,2026-10-02T19:37:32.601338,SIMULATION,AQUATWIN-SIM-01,150.0,0.0,0.0,0.0,776000,NORMAL,1,0
1025,2026-10-02T19:37:31.591308,SIMULATION,AQUATWIN-SIM-01,150.0,0.0,0.0,0.0,775000,NORMAL,0,0
1024,2026-10-02T19:37:30.567670,SIMULATION,AQUATWIN-SIM-01,150.0,0.0,0.0,0.0,774000,NORMAL,0,0
1023,2026-10-02T19:37:29.541471,SIMULATION,AQUATWIN-SIM-01,150.0,0.0,0.0,0.0,773000,NORMAL,1,0
1021,2026-10-02T19:37:28.522098,SIMULATION,AQUATWIN-SIM-01,150.0,0.0,0.0,0.0,772000,NORMAL,0,0
1020,2026-10-02T19:37:27.513405,SIMULATION,AQUATWIN-SIM-01,150.0,0.0,0.0,0.0,771000,NORMAL,0,0
1019,2026-10-02T19:37:26.487043,SIMULATION,AQUATWIN-SIM-01,150.0,0.0,0.0,0.0,770000,NORMAL,1,0
1017,2026-10-02T19:37:25.477479,SIMULATION,AQUATWIN-SIM-01,150.0,0.0,0.0,0.0,769000,NORMAL,0,0
1016,2026-10-02T19:37:24.472185,SIMULATION,AQUATWIN-SIM-01,150.0,0.0,0.0,0.0,768000,NORMAL,0,0
1015,2026-10-02T19:37:23.441397,SIMULATION,AQUATWIN-SIM-01,150.0,0.0,0.0,0.0,767000,NORMAL,1,0
1013,2026-10-02T19:37:22.416425,SIMULATION,AQUATWIN-SIM-01,150.0,0.0,0.0,0.0,766000,NORMAL,0,0
1012,2026-10-02T19:37:21.392097,SIMULATION,AQUATWIN-SIM-01,150.0,0.0,0.0,0.0,765000,NORMAL,0,0
1011,2026-10-02T19:37:20.351387,SIMULATION,AQUATWIN-SIM-01,150.0,0.0,0.0,0.0,764000,NORMAL,1,0
1009,2026-10-02T19:37:19.340516,SIMULATION,AQUATWIN-SIM-01,150.0,0.0,0.0,0.0,763000,NORMAL,0,0
1008,2026-10-02T19:37:18.342679,SIMULATION,AQUATWIN-SIM-01,150.0,0.0,0.0,0.0,762000,NORMAL,0,0
1007,2026-10-02T19:37:17.315446,SIMULATION,AQUATWIN-SIM-01,150.0,0.0,0.0,0.0,761000,NORMAL,1,0
1005,2026-10-02T19:37:16.289549,SIMULATION,AQUATWIN-SIM-01,150.0,0.0,0.0,0.0,760000,NORMAL,0,0
1004,2026-10-02T19:37:15.264877,SIMULATION,AQUATWIN-SIM-01,150.0,0.0,0.0,0.0,759000,NORMAL,0,0
1003,2026-10-02T19:37:14.240410,SIMULATION,AQUATWIN-SIM-01,150.0,0.0,0.0,0.0,758000,NORMAL,1,0
1001,2026-10-02T19:37:13.214899,SIMULATION,AQUATWIN-SIM-01,150.0,0.0,0.0,0.0,757000,NORMAL,0,0
1000,2026-10-02T19:37:12.219862,SIMULATION,AQUATWIN-SIM-01,150.0,0.0,0.0,0.0,756000,NORMAL,0,0
999,2026-10-02T19:37:11.192675,SIMULATION,AQUATWIN-SIM-01,150.0,0.0,0.0,0.0,755000,NORMAL,1,0
997,2026-10-02T19:37:10.157389,SIMULATION,AQUATWIN-SIM-01,150.0,0.0,0.0,0.0,754000,NORMAL,0,0
996,2026-10-02T19:37:09.119422,SIMULATION,AQUATWIN-SIM-01,150.0,0.0,0.0,0.0,753000,NORMAL,0,0
995,2026-10-02T19:37:08.128100,SIMULATION,AQUATWIN-SIM-01,150.0,0.0,0.0,0.0,752000,NORMAL,1,0
993,2026-10-02T19:37:07.102963,SIMULATION,AQUATWIN-SIM-01,150.0,0.0,0.0,0.0,751000,NORMAL,0,0
992,2026-10-02T19:37:06.078563,SIMULATION,AQUATWIN-SIM-01,150.0,0.0,0.0,0.0,750000,NORMAL,0,0
991,2026-10-02T19:37:05.058712,SIMULATION,AQUATWIN-SIM-01,150.0,0.0,0.0,0.0,749000,NORMAL,1,0
989,2026-10-02T19:37:04.055346,SIMULATION,AQUATWIN-SIM-01,150.0,0.0,0.0,0.0,748000,NORMAL,0,0
988,2026-10-02T19:37:03.040534,SIMULATION,AQUATWIN-SIM-01,150.0,0.0,0.0,0.0,747000,NORMAL,0,0
987,2026-10-02T19:37:02.016915,SIMULATION,AQUATWIN-SIM-01,150.0,0.0,0.0,0.0,746000,NORMAL,1,0
985,2026-10-02T19:37:01.007171,SIMULATION,AQUATWIN-SIM-01,150.0,0.0,0.0,0.0,745000,NORMAL,0,0
984,2026-10-02T19:36:59.981280,SIMULATION,AQUATWIN-SIM-01,150.0,0.0,0.0,0.0,744000,NORMAL,0,0
983,2026-10-02T19:36:58.970169,SIMULATION,AQUATWIN-SIM-01,150.0,0.0,0.0,0.0,743000,NORMAL,1,0
981,2026-10-02T19:36:57.964644,SIMULATION,AQUATWIN-SIM-01,150.0,0.0,0.0,0.0,742000,NORMAL,0,0
980,2026-10-02T19:36:56.970440,SIMULATION,AQUATWIN-SIM-01,150.0,0.0,0.0,0.0,741000,NORMAL,0,0
979,2026-10-02T19:36:55.934168,SIMULATION,AQUATWIN-SIM-01,150.0,0.0,0.0,0.0,740000,NORMAL,1,0
977,2026-10-02T19:36:54.928832,SIMULATION,AQUATWIN-SIM-01,150.0,0.0,0.0,0.0,739000,NORMAL,0,0
976,2026-10-02T19:36:53.916398,SIMULATION,AQUATWIN-SIM-01,150.0,0.0,0.0,0.0,738000,NORMAL,0,0
975,2026-10-02T19:36:52.890200,SIMULATION,AQUATWIN-SIM-01,150.0,0.0,0.0,0.0,737000,NORMAL,1,0
973,2026-10-02T19:36:51.865271,SIMULATION,AQUATWIN-SIM-01,150.0,0.0,0.0,0.0,736000,NORMAL,0,0
972,2026-10-02T19:36:50.844470,SIMULATION,AQUATWIN-SIM-01,150.0,0.0,0.0,0.0,735000,NORMAL,0,0
971,2026-10-02T19:36:49.816864,SIMULATION,AQUATWIN-SIM-01,150.0,0.0,0.0,0.0,734000,NORMAL,1,0
969,2026-10-02T19:36:48.809140,SIMULATION,AQUATWIN-SIM-01,150.0,0.0,0.0,0.0,733000,NORMAL,0,0
968,2026-10-02T19:36:47.786095,SIMULATION,AQUATWIN-SIM-01,150.0,0.0,0.0,0.0,732000,NORMAL,0,0
967,2026-10-02T19:36:46.762806,SIMULATION,AQUATWIN-SIM-01,150.0,0.0,0.0,0.0,731000,NORMAL,1,0
965,2026-10-02T19:36:45.736972,SIMULATION,AQUATWIN-SIM-01,150.0,0.0,0.0,0.0,730000,NORMAL,0,0
964,2026-10-02T19:36:44.709840,SIMULATION,AQUATWIN-SIM-01,150.0,0.0,0.0,0.0,729000,NORMAL,0,0
963,2026-10-02T19:36:43.685193,SIMULATION,AQUATWIN-SIM-01,150.0,0.0,0.0,0.0,728000,NORMAL,1,0
961,2026-10-02T19:36:42.656128,SIMULATION,AQUATWIN-SIM-01,150.0,0.0,0.0,0.0,727000,NORMAL,0,0
960,2026-10-02T19:36:41.645257,SIMULATION,AQUATWIN-SIM-01,150.0,0.0,0.0,0.0,726000,NORMAL,0,0
959,2026-10-02T19:36:40.625045,SIMULATION,AQUATWIN-SIM-01,150.0,0.0,0.0,0.0,725000,NORMAL,1,0
957,2026-10-02T19:36:39.597354,SIMULATION,AQUATWIN-SIM-01,150.0,0.0,0.0,0.0,724000,NORMAL,0,0
956,2026-10-02T19:36:38.574691,SIMULATION,AQUATWIN-SIM-01,150.0,0.0,0.0,0.0,723000,NORMAL,0,0
955,2026-10-02T19:36:37.545708,SIMULATION,AQUATWIN-SIM-01,150.0,0.0,0.0,0.0,722000,NORMAL,1,0
953,2026-10-02T19:36:36.522665,SIMULATION,AQUATWIN-SIM-01,150.0,0.0,0.0,0.0,721000,NORMAL,0,0
952,2026-10-02T19:36:35.503979,SIMULATION,AQUATWIN-SIM-01,150.0,0.0,0.0,0.0,720000,NORMAL,0,0
951,2026-10-02T19:36:34.468415,SIMULATION,AQUATWIN-SIM-01,150.0,0.0,0.0,0.0,719000,NORMAL,1,0
949,2026-10-02T19:36:33.455853,SIMULATION,AQUATWIN-SIM-01,150.0,0.0,0.0,0.0,718000,NORMAL,0,0
948,2026-10-02T19:36:32.429844,SIMULATION,AQUATWIN-SIM-01,150.0,0.0,0.0,0.0,717000,NORMAL,0,0
947,2026-10-02T19:36:31.433482,SIMULATION,AQUATWIN-SIM-01,150.0,0.0,0.0,0.0,716000,NORMAL,1,0
945,2026-10-02T19:36:30.424770,SIMULATION,AQUATWIN-SIM-01,150.0,0.0,0.0,0.0,715000,NORMAL,0,0
944,2026-10-02T19:36:29.428425,SIMULATION,AQUATWIN-SIM-01,150.0,0.0,0.0,0.0,714000,NORMAL,0,0
943,2026-10-02T19:36:28.432154,SIMULATION,AQUATWIN-SIM-01,150.0,0.0,0.0,0.0,713000,NORMAL,1,0
941,2026-10-02T19:36:27.405818,SIMULATION,AQUATWIN-SIM-01,150.0,0.0,0.0,0.0,712000,NORMAL,0,0
940,2026-10-02T19:36:26.365820,SIMULATION,AQUATWIN-SIM-01,150.0,0.0,0.0,0.0,711000,NORMAL,0,0
939,2026-10-02T19:36:25.354768,SIMULATION,AQUATWIN-SIM-01,150.0,0.0,0.0,0.0,710000,NORMAL,1,0
937,2026-10-02T19:36:24.328366,SIMULATION,AQUATWIN-SIM-01,150.0,0.0,0.0,0.0,709000,NORMAL,0,0
936,2026-10-02T19:36:23.315484,SIMULATION,AQUATWIN-SIM-01,150.0,0.0,0.0,0.0,708000,NORMAL,0,0
935,2026-10-02T19:36:22.294255,SIMULATION,AQUATWIN-SIM-01,150.0,0.0,0.0,0.0,707000,NORMAL,1,0
933,2026-10-02T19:36:21.274605,SIMULATION,AQUATWIN-SIM-01,150.0,0.0,0.0,0.0,706000,NORMAL,0,0
932,2026-10-02T19:36:20.276434,SIMULATION,AQUATWIN-SIM-01,150.0,0.0,0.0,0.0,705000,NORMAL,0,0
931,2026-10-02T19:36:19.253731,SIMULATION,AQUATWIN-SIM-01,150.0,0.0,0.0,0.0,704000,NORMAL,1,0
929,2026-10-02T19:36:18.229982,SIMULATION,AQUATWIN-SIM-01,150.0,0.0,0.0,0.0,703000,NORMAL,0,0
928,2026-10-02T19:36:17.218761,SIMULATION,AQUATWIN-SIM-01,150.0,0.0,0.0,0.0,702000,NORMAL,0,0
927,2026-10-02T19:36:16.212805,SIMULATION,AQUATWIN-SIM-01,150.0,0.0,0.0,0.0,701000,NORMAL,1,0
925,2026-10-02T19:36:15.218730,SIMULATION,AQUATWIN-SIM-01,150.0,0.0,0.0,0.0,700000,NORMAL,0,0
924,2026-10-02T19:36:14.194399,SIMULATION,AQUATWIN-SIM-01,150.0,0.0,0.0,0.0,699000,NORMAL,0,0
923,2026-10-02T19:36:13.182098,SIMULATION,AQUATWIN-SIM-01,150.0,0.0,0.0,0.0,698000,NORMAL,1,0
921,2026-10-02T19:36:12.171887,SIMULATION,AQUATWIN-SIM-01,150.0,0.0,0.0,0.0,697000,NORMAL,0,0
920,2026-10-02T19:36:11.158560,SIMULATION,AQUATWIN-SIM-01,150.0,0.0,0.0,0.0,696000,NORMAL,0,0
919,2026-10-02T19:36:10.146317,SIMULATION,AQUATWIN-SIM-01,150.0,0.0,0.0,0.0,695000,NORMAL,1,0
917,2026-10-02T19:36:09.123436,SIMULATION,AQUATWIN-SIM-01,150.0,0.0,0.0,0.0,694000,NORMAL,0,0
916,2026-10-02T19:36:08.098980,SIMULATION,AQUATWIN-SIM-01,150.0,0.0,0.0,0.0,693000,NORMAL,0,0
915,2026-10-02T19:36:07.086349,SIMULATION,AQUATWIN-SIM-01,150.0,0.0,0.0,0.0,692000,NORMAL,1,0
913,2026-10-02T19:36:06.062010,SIMULATION,AQUATWIN-SIM-01,150.0,0.0,0.0,0.0,691000,NORMAL,0,0
912,2026-10-02T19:36:05.035847,SIMULATION,AQUATWIN-SIM-01,150.0,0.0,0.0,0.0,690000,NORMAL,0,0
911,2026-10-02T19:36:04.028177,SIMULATION,AQUATWIN-SIM-01,150.0,0.0,0.0,0.0,689000,NORMAL,1,0
909,2026-10-02T19:36:03.003991,SIMULATION,AQUATWIN-SIM-01,150.0,0.0,0.0,0.0,688000,NORMAL,0,0
908,2026-10-02T19:36:01.967445,SIMULATION,AQUATWIN-SIM-01,150.0,0.0,0.0,0.0,687000,NORMAL,0,0
907,2026-10-02T19:36:00.943603,SIMULATION,AQUATWIN-SIM-01,150.0,0.0,0.0,0.0,686000,NORMAL,1,0
905,2026-10-02T19:35:59.920839,SIMULATION,AQUATWIN-SIM-01,150.0,0.0,0.0,0.0,685000,NORMAL,0,0
904,2026-10-02T19:35:58.925885,SIMULATION,AQUATWIN-SIM-01,150.0,0.0,0.0,0.0,684000,NORMAL,0,0
903,2026-10-02T19:35:57.888866,SIMULATION,AQUATWIN-SIM-01,150.0,0.0,0.0,0.0,683000,NORMAL,1,0
901,2026-10-02T19:35:56.866495,SIMULATION,AQUATWIN-SIM-01,150.0,0.0,0.0,0.0,682000,NORMAL,0,0
900,2026-10-02T19:35:55.873966,SIMULATION,AQUATWIN-SIM-01,150.0,0.0,0.0,0.0,681000,NORMAL,0,0
899,2026-10-02T19:35:54.849694,SIMULATION,AQUATWIN-SIM-01,150.0,0.0,0.0,0.0,680000,NORMAL,1,0
897,2026-10-02T19:35:53.811797,SIMULATION,AQUATWIN-SIM-01,150.0,0.0,0.0,0.0,679000,NORMAL,0,0
896,2026-10-02T19:35:52.800173,SIMULATION,AQUATWIN-SIM-01,150.0,0.0,0.0,0.0,678000,NORMAL,0,0
895,2026-10-02T19:35:51.773196,SIMULATION,AQUATWIN-SIM-01,150.0,0.0,0.0,0.0,677000,NORMAL,1,0
893,2026-10-02T19:35:50.773082,SIMULATION,AQUATWIN-SIM-01,150.0,0.0,0.0,0.0,676000,NORMAL,0,0
892,2026-10-02T19:35:49.750515,SIMULATION,AQUATWIN-SIM-01,150.0,0.0,0.0,0.0,675000,NORMAL,0,0
891,2026-10-02T19:35:48.759722,SIMULATION,AQUATWIN-SIM-01,150.0,0.0,0.0,0.0,674000,NORMAL,1,0
889,2026-10-02T19:35:47.751391,SIMULATION,AQUATWIN-SIM-01,150.0,0.0,0.0,0.0,673000,NORMAL,0,0
888,2026-10-02T19:35:46.710998,SIMULATION,AQUATWIN-SIM-01,150.0,0.0,0.0,0.0,672000,NORMAL,0,0
887,2026-10-02T19:35:45.717926,SIMULATION,AQUATWIN-SIM-01,150.0,0.0,0.0,0.0,671000,NORMAL,1,0
885,2026-10-02T19:35:44.719554,SIMULATION,AQUATWIN-SIM-01,150.0,0.0,0.0,0.0,670000,NORMAL,0,0
884,2026-10-02T19:35:43.693391,SIMULATION,AQUATWIN-SIM-01,150.0,0.0,0.0,0.0,669000,NORMAL,0,0
883,2026-10-02T19:35:42.669125,SIMULATION,AQUATWIN-SIM-01,150.0,0.0,0.0,0.0,668000,NORMAL,1,0
881,2026-10-02T19:35:41.672096,SIMULATION,AQUATWIN-SIM-01,150.0,0.0,0.0,0.0,667000,NORMAL,0,0
880,2026-10-02T19:35:40.651551,SIMULATION,AQUATWIN-SIM-01,150.0,0.0,0.0,0.0,666000,NORMAL,0,0
879,2026-10-02T19:35:39.647095,SIMULATION,AQUATWIN-SIM-01,150.0,0.0,0.0,0.0,665000,NORMAL,1,0
877,2026-10-02T19:35:38.624642,SIMULATION,AQUATWIN-SIM-01,150.0,0.0,0.0,0.0,664000,NORMAL,0,0
876,2026-10-02T19:35:37.626329,SIMULATION,AQUATWIN-SIM-01,150.0,0.0,0.0,0.0,663000,NORMAL,0,0
875,2026-10-02T19:35:36.601173,SIMULATION,AQUATWIN-SIM-01,150.0,0.0,0.0,0.0,662000,NORMAL,1,0
873,2026-10-02T19:35:35.593860,SIMULATION,AQUATWIN-SIM-01,150.0,0.0,0.0,0.0,661000,NORMAL,0,0
872,2026-10-02T19:35:34.557414,SIMULATION,AQUATWIN-SIM-01,150.0,0.0,0.0,0.0,660000,NORMAL,0,0
871,2026-10-02T19:35:33.528708,SIMULATION,AQUATWIN-SIM-01,150.0,0.0,0.0,0.0,659000,NORMAL,1,0
869,2026-10-02T19:35:32.520616,SIMULATION,AQUATWIN-SIM-01,150.0,0.0,0.0,0.0,658000,NORMAL,0,0
868,2026-10-02T19:35:31.506396,SIMULATION,AQUATWIN-SIM-01,150.0,0.0,0.0,0.0,657000,NORMAL,0,0
867,2026-10-02T19:35:30.466306,SIMULATION,AQUATWIN-SIM-01,150.0,0.0,0.0,0.0,656000,NORMAL,1,0
865,2026-10-02T19:35:29.467292,SIMULATION,AQUATWIN-SIM-01,150.0,0.0,0.0,0.0,655000,NORMAL,0,0
864,2026-10-02T19:35:28.437142,SIMULATION,AQUATWIN-SIM-01,150.0,0.0,0.0,0.0,654000,NORMAL,0,0
863,2026-10-02T19:35:27.412875,SIMULATION,AQUATWIN-SIM-01,150.0,0.0,0.0,0.0,653000,NORMAL,1,0
861,2026-10-02T19:35:26.430925,SIMULATION,AQUATWIN-SIM-01,150.0,0.0,0.0,0.0,652000,NORMAL,0,0
860,2026-10-02T19:35:25.407571,SIMULATION,AQUATWIN-SIM-01,150.0,0.0,0.0,0.0,651000,NORMAL,0,0
859,2026-10-02T19:35:24.384253,SIMULATION,AQUATWIN-SIM-01,150.0,0.0,0.0,0.0,650000,NORMAL,1,0
857,2026-10-02T19:35:23.386244,SIMULATION,AQUATWIN-SIM-01,150.0,0.0,0.0,0.0,649000,NORMAL,0,0
856,2026-10-02T19:35:22.364143,SIMULATION,AQUATWIN-SIM-01,150.0,0.0,0.0,0.0,648000,NORMAL,0,0
855,2026-10-02T19:35:21.342897,SIMULATION,AQUATWIN-SIM-01,150.0,0.0,0.0,0.0,647000,NORMAL,1,0
853,2026-10-02T19:35:20.319103,SIMULATION,AQUATWIN-SIM-01,150.0,0.0,0.0,0.0,646000,NORMAL,0,0
852,2026-10-02T19:35:19.292954,SIMULATION,AQUATWIN-SIM-01,150.0,0.0,0.0,0.0,645000,NORMAL,0,0
851,2026-10-02T19:35:18.298040,SIMULATION,AQUATWIN-SIM-01,150.0,0.0,0.0,0.0,644000,NORMAL,1,0
849,2026-10-02T19:35:17.262361,SIMULATION,AQUATWIN-SIM-01,150.0,0.0,0.0,0.0,643000,NORMAL,0,0
848,2026-10-02T19:35:16.250786,SIMULATION,AQUATWIN-SIM-01,150.0,0.0,0.0,0.0,642000,NORMAL,0,0
847,2026-10-02T19:35:15.260255,SIMULATION,AQUATWIN-SIM-01,150.0,0.0,0.0,0.0,641000,NORMAL,0,0
846,2026-10-02T19:35:14.251523,SIMULATION,AQUATWIN-SIM-01,150.0,0.0,0.0,0.0,640000,NORMAL,1,0
844,2026-10-02T19:35:13.244496,SIMULATION,AQUATWIN-SIM-01,150.0,0.0,0.0,0.0,639000,NORMAL,0,0
843,2026-10-02T19:35:12.219409,SIMULATION,AQUATWIN-SIM-01,150.0,0.0,0.0,0.0,638000,NORMAL,0,0
842,2026-10-02T19:35:11.223957,SIMULATION,AQUATWIN-SIM-01,150.0,0.0,0.0,0.0,637000,NORMAL,1,0
840,2026-10-02T19:35:10.206482,SIMULATION,AQUATWIN-SIM-01,150.0,0.0,0.0,0.0,636000,NORMAL,0,0
839,2026-10-02T19:35:09.150526,SIMULATION,AQUATWIN-SIM-01,150.0,0.0,0.0,0.0,635000,NORMAL,0,0
838,2026-10-02T19:35:08.126826,SIMULATION,AQUATWIN-SIM-01,150.0,0.0,0.0,0.0,634000,NORMAL,1,0
836,2026-10-02T19:35:07.114752,SIMULATION,AQUATWIN-SIM-01,150.0,0.0,0.0,0.0,633000,NORMAL,0,0
835,2026-10-02T19:35:06.077978,SIMULATION,AQUATWIN-SIM-01,150.0,0.0,0.0,0.0,632000,NORMAL,0,0
834,2026-10-02T19:35:05.066863,SIMULATION,AQUATWIN-SIM-01,150.0,0.0,0.0,0.0,631000,NORMAL,1,0
832,2026-10-02T19:35:04.045502,SIMULATION,AQUATWIN-SIM-01,150.0,0.0,0.0,0.0,630000,NORMAL,0,0
831,2026-10-02T19:35:02.990903,SIMULATION,AQUATWIN-SIM-01,150.0,0.0,0.0,0.0,629000,NORMAL,0,0
830,2026-10-02T19:35:01.987923,SIMULATION,AQUATWIN-SIM-01,150.0,0.0,0.0,0.0,628000,NORMAL,1,0
828,2026-10-02T19:35:00.918946,SIMULATION,AQUATWIN-SIM-01,150.0,0.0,0.0,0.0,627000,NORMAL,0,0
827,2026-10-02T19:34:59.925276,SIMULATION,AQUATWIN-SIM-01,150.0,0.0,0.0,0.0,626000,NORMAL,0,0
826,2026-10-02T19:34:58.887463,SIMULATION,AQUATWIN-SIM-01,150.0,0.0,0.0,0.0,625000,NORMAL,1,0
824,2026-10-02T19:34:57.828391,SIMULATION,AQUATWIN-SIM-01,150.0,0.0,0.0,0.0,624000,NORMAL,0,0
823,2026-10-02T19:34:56.789529,SIMULATION,AQUATWIN-SIM-01,150.0,0.0,0.0,0.0,623000,NORMAL,1,0
821,2026-10-02T19:34:53.892479,SIMULATION,AQUATWIN-SIM-01,150.0,0.0,0.0,0.0,622000,NORMAL,1,0
819,2026-10-02T19:34:43.498494,SIMULATION,AQUATWIN-SIM-01,150.0,0.0,0.0,0.0,621000,NORMAL,1,0
817,2026-10-02T19:34:42.464580,SIMULATION,AQUATWIN-SIM-01,150.0,0.0,0.0,0.0,620000,NORMAL,0,0
816,2026-10-02T19:34:41.457280,SIMULATION,AQUATWIN-SIM-01,150.0,0.0,0.0,0.0,619000,NORMAL,0,0
815,2026-10-02T19:34:40.421232,SIMULATION,AQUATWIN-SIM-01,150.0,0.0,0.0,0.0,618000,NORMAL,1,0
813,2026-10-02T19:34:39.417694,SIMULATION,AQUATWIN-SIM-01,150.0,0.0,0.0,0.0,617000,NORMAL,0,0
812,2026-10-02T19:34:38.393792,SIMULATION,AQUATWIN-SIM-01,150.0,0.0,0.0,0.0,616000,NORMAL,0,0
811,2026-10-02T19:34:37.370741,SIMULATION,AQUATWIN-SIM-01,150.0,0.0,0.0,0.0,615000,NORMAL,1,0
809,2026-10-02T19:34:36.337258,SIMULATION,AQUATWIN-SIM-01,150.0,0.0,0.0,0.0,614000,NORMAL,0,0
808,2026-10-02T19:34:35.315439,SIMULATION,AQUATWIN-SIM-01,150.0,0.0,0.0,0.0,613000,NORMAL,0,0
807,2026-10-02T19:34:34.276768,SIMULATION,AQUATWIN-SIM-01,150.0,0.0,0.0,0.0,612000,NORMAL,1,0
805,2026-10-02T19:34:33.252637,SIMULATION,AQUATWIN-SIM-01,150.0,0.0,0.0,0.0,611000,NORMAL,0,0
804,2026-10-02T19:34:32.217657,SIMULATION,AQUATWIN-SIM-01,150.0,0.0,0.0,0.0,610000,NORMAL,0,0
803,2026-10-02T19:34:31.194632,SIMULATION,AQUATWIN-SIM-01,150.0,0.0,0.0,0.0,609000,NORMAL,1,0
801,2026-10-02T19:34:30.172879,SIMULATION,AQUATWIN-SIM-01,150.0,0.0,0.0,0.0,608000,NORMAL,0,0
800,2026-10-02T19:34:29.155273,SIMULATION,AQUATWIN-SIM-01,150.0,0.0,0.0,0.0,607000,NORMAL,0,0
799,2026-10-02T19:34:28.116840,SIMULATION,AQUATWIN-SIM-01,150.0,0.0,0.0,0.0,606000,NORMAL,1,0
797,2026-10-02T19:34:27.128457,SIMULATION,AQUATWIN-SIM-01,150.0,0.0,0.0,0.0,605000,NORMAL,0,0
796,2026-10-02T19:34:26.087676,SIMULATION,AQUATWIN-SIM-01,150.0,0.0,0.0,0.0,604000,NORMAL,0,0
795,2026-10-02T19:34:25.067093,SIMULATION,AQUATWIN-SIM-01,150.0,0.0,0.0,0.0,603000,NORMAL,1,0
793,2026-10-02T19:34:24.043776,SIMULATION,AQUATWIN-SIM-01,150.0,0.0,0.0,0.0,602000,NORMAL,0,0
792,2026-10-02T19:34:23.005229,SIMULATION,AQUATWIN-SIM-01,150.0,0.0,0.0,0.0,601000,NORMAL,0,0
791,2026-10-02T19:34:21.986936,SIMULATION,AQUATWIN-SIM-01,150.0,0.0,0.0,0.0,600000,NORMAL,1,0
789,2026-10-02T19:34:20.947645,SIMULATION,AQUATWIN-SIM-01,150.0,0.0,0.0,0.0,599000,NORMAL,0,0
788,2026-10-02T19:34:19.911875,SIMULATION,AQUATWIN-SIM-01,150.0,0.0,0.0,0.0,598000,NORMAL,0,0
787,2026-10-02T19:34:18.875928,SIMULATION,AQUATWIN-SIM-01,150.0,0.0,0.0,0.0,597000,NORMAL,1,0
785,2026-10-02T19:34:17.855563,SIMULATION,AQUATWIN-SIM-01,150.0,0.0,0.0,0.0,596000,NORMAL,0,0
784,2026-10-02T19:34:16.827007,SIMULATION,AQUATWIN-SIM-01,150.0,0.0,0.0,0.0,595000,NORMAL,0,0
783,2026-10-02T19:34:15.804527,SIMULATION,AQUATWIN-SIM-01,150.0,0.0,0.0,0.0,594000,NORMAL,1,0
781,2026-10-02T19:34:14.778833,SIMULATION,AQUATWIN-SIM-01,150.0,0.0,0.0,0.0,593000,NORMAL,0,0
780,2026-10-02T19:34:13.743253,SIMULATION,AQUATWIN-SIM-01,150.0,0.0,0.0,0.0,592000,NORMAL,0,0
779,2026-10-02T19:34:12.718740,SIMULATION,AQUATWIN-SIM-01,150.0,0.0,0.0,0.0,591000,NORMAL,1,0
777,2026-10-02T19:34:11.680951,SIMULATION,AQUATWIN-SIM-01,150.0,0.0,0.0,0.0,590000,NORMAL,0,0
776,2026-10-02T19:34:10.653333,SIMULATION,AQUATWIN-SIM-01,150.0,0.0,0.0,0.0,589000,NORMAL,0,0
775,2026-10-02T19:34:09.629769,SIMULATION,AQUATWIN-SIM-01,150.0,0.0,0.0,0.0,588000,NORMAL,1,0
773,2026-10-02T19:34:08.593819,SIMULATION,AQUATWIN-SIM-01,150.0,0.0,0.0,0.0,587000,NORMAL,0,0
772,2026-10-02T19:34:07.584825,SIMULATION,AQUATWIN-SIM-01,150.0,0.0,0.0,0.0,586000,NORMAL,0,0
771,2026-10-02T19:34:06.557666,SIMULATION,AQUATWIN-SIM-01,150.0,0.0,0.0,0.0,585000,NORMAL,1,0
769,2026-10-02T19:34:05.532545,SIMULATION,AQUATWIN-SIM-01,150.0,0.0,0.0,0.0,584000,NORMAL,0,0
768,2026-10-02T19:34:04.492491,SIMULATION,AQUATWIN-SIM-01,150.0,0.0,0.0,0.0,583000,NORMAL,0,0
767,2026-10-02T19:34:03.502513,SIMULATION,AQUATWIN-SIM-01,150.0,0.0,0.0,0.0,582000,NORMAL,1,0
765,2026-10-02T19:34:02.462248,SIMULATION,AQUATWIN-SIM-01,150.0,0.0,0.0,0.0,581000,NORMAL,0,0
764,2026-10-02T19:34:01.443010,SIMULATION,AQUATWIN-SIM-01,150.0,0.0,0.0,0.0,580000,NORMAL,0,0
763,2026-10-02T19:34:00.407453,SIMULATION,AQUATWIN-SIM-01,150.0,0.0,0.0,0.0,579000,NORMAL,1,0
761,2026-10-02T19:33:59.390750,SIMULATION,AQUATWIN-SIM-01,150.0,0.0,0.0,0.0,578000,NORMAL,0,0
760,2026-10-02T19:33:58.351532,SIMULATION,AQUATWIN-SIM-01,150.0,0.0,0.0,0.0,577000,NORMAL,0,0
759,2026-10-02T19:33:57.326915,SIMULATION,AQUATWIN-SIM-01,150.0,0.0,0.0,0.0,576000,NORMAL,1,0
757,2026-10-02T19:33:56.304414,SIMULATION,AQUATWIN-SIM-01,150.0,0.0,0.0,0.0,575000,NORMAL,0,0
756,2026-10-02T19:33:55.294417,SIMULATION,AQUATWIN-SIM-01,150.0,0.0,0.0,0.0,574000,NORMAL,0,0
755,2026-10-02T19:33:54.286965,SIMULATION,AQUATWIN-SIM-01,150.0,0.0,0.0,0.0,573000,NORMAL,1,0
753,2026-10-02T19:33:53.263304,SIMULATION,AQUATWIN-SIM-01,150.0,0.0,0.0,0.0,572000,NORMAL,0,0
752,2026-10-02T19:33:52.242895,SIMULATION,AQUATWIN-SIM-01,150.0,0.0,0.0,0.0,571000,NORMAL,0,0
751,2026-10-02T19:33:51.221012,SIMULATION,AQUATWIN-SIM-01,150.0,0.0,0.0,0.0,570000,NORMAL,1,0
749,2026-10-02T19:33:50.188873,SIMULATION,AQUATWIN-SIM-01,150.0,0.0,0.0,0.0,569000,NORMAL,0,0
748,2026-10-02T19:33:49.168897,SIMULATION,AQUATWIN-SIM-01,150.0,0.0,0.0,0.0,568000,NORMAL,0,0
747,2026-10-02T19:33:48.131862,SIMULATION,AQUATWIN-SIM-01,150.0,0.0,0.0,0.0,567000,NORMAL,1,0
745,2026-10-02T19:33:47.106192,SIMULATION,AQUATWIN-SIM-01,150.0,0.0,0.0,0.0,566000,NORMAL,0,0
744,2026-10-02T19:33:46.079470,SIMULATION,AQUATWIN-SIM-01,150.0,0.0,0.0,0.0,565000,NORMAL,0,0
743,2026-10-02T19:33:45.043157,SIMULATION,AQUATWIN-SIM-01,150.0,0.0,0.0,0.0,564000,NORMAL,1,0
741,2026-10-02T19:33:44.002939,SIMULATION,AQUATWIN-SIM-01,150.0,0.0,0.0,0.0,563000,NORMAL,0,0
740,2026-10-02T19:33:42.969758,SIMULATION,AQUATWIN-SIM-01,150.0,0.0,0.0,0.0,562000,NORMAL,0,0
739,2026-10-02T19:33:41.928974,SIMULATION,AQUATWIN-SIM-01,150.0,0.0,0.0,0.0,561000,NORMAL,1,0
737,2026-10-02T19:33:40.909926,SIMULATION,AQUATWIN-SIM-01,150.0,0.0,0.0,0.0,560000,NORMAL,0,0
736,2026-10-02T19:33:39.875630,SIMULATION,AQUATWIN-SIM-01,150.0,0.0,0.0,0.0,559000,NORMAL,0,0
735,2026-10-02T19:33:38.857578,SIMULATION,AQUATWIN-SIM-01,150.0,0.0,0.0,0.0,558000,NORMAL,1,0
733,2026-10-02T19:33:37.820395,SIMULATION,AQUATWIN-SIM-01,150.0,0.0,0.0,0.0,557000,NORMAL,0,0
732,2026-10-02T19:33:36.819010,SIMULATION,AQUATWIN-SIM-01,150.0,0.0,0.0,0.0,556000,NORMAL,0,0
731,2026-10-02T19:33:35.780270,SIMULATION,AQUATWIN-SIM-01,150.0,0.0,0.0,0.0,555000,NORMAL,1,0
729,2026-10-02T19:33:34.745313,SIMULATION,AQUATWIN-SIM-01,150.0,0.0,0.0,0.0,554000,NORMAL,0,0
728,2026-10-02T19:33:33.724259,SIMULATION,AQUATWIN-SIM-01,150.0,0.0,0.0,0.0,553000,NORMAL,0,0
727,2026-10-02T19:33:32.673502,SIMULATION,AQUATWIN-SIM-01,150.0,0.0,0.0,0.0,552000,NORMAL,1,0
725,2026-10-02T19:33:31.637306,SIMULATION,AQUATWIN-SIM-01,150.0,0.0,0.0,0.0,551000,NORMAL,0,0
724,2026-10-02T19:33:30.611387,SIMULATION,AQUATWIN-SIM-01,150.0,0.0,0.0,0.0,550000,NORMAL,0,0
723,2026-10-02T19:33:29.588736,SIMULATION,AQUATWIN-SIM-01,150.0,0.0,0.0,0.0,549000,NORMAL,1,0
721,2026-10-02T19:33:28.556706,SIMULATION,AQUATWIN-SIM-01,150.0,0.0,0.0,0.0,548000,NORMAL,0,0
720,2026-10-02T19:33:27.535053,SIMULATION,AQUATWIN-SIM-01,150.0,0.0,0.0,0.0,547000,NORMAL,0,0
719,2026-10-02T19:33:26.498932,SIMULATION,AQUATWIN-SIM-01,150.0,0.0,0.0,0.0,546000,NORMAL,1,0
717,2026-10-02T19:33:25.493406,SIMULATION,AQUATWIN-SIM-01,150.0,0.0,0.0,0.0,545000,NORMAL,0,0
716,2026-10-02T19:33:24.456379,SIMULATION,AQUATWIN-SIM-01,150.0,0.0,0.0,0.0,544000,NORMAL,0,0
715,2026-10-02T19:33:23.415907,SIMULATION,AQUATWIN-SIM-01,150.0,0.0,0.0,0.0,543000,NORMAL,1,0
713,2026-10-02T19:33:22.385012,SIMULATION,AQUATWIN-SIM-01,150.0,0.0,0.0,0.0,542000,NORMAL,0,0
712,2026-10-02T19:33:21.365610,SIMULATION,AQUATWIN-SIM-01,150.0,0.0,0.0,0.0,541000,NORMAL,0,0
711,2026-10-02T19:33:20.333478,SIMULATION,AQUATWIN-SIM-01,150.0,0.0,0.0,0.0,540000,NORMAL,1,0
709,2026-10-02T19:33:19.294844,SIMULATION,AQUATWIN-SIM-01,150.0,0.0,0.0,0.0,539000,NORMAL,0,0
708,2026-10-02T19:33:18.274641,SIMULATION,AQUATWIN-SIM-01,150.0,0.0,0.0,0.0,538000,NORMAL,0,0
707,2026-10-02T19:33:17.266000,SIMULATION,AQUATWIN-SIM-01,150.0,0.0,0.0,0.0,537000,NORMAL,1,0
705,2026-10-02T19:33:16.243405,SIMULATION,AQUATWIN-SIM-01,150.0,0.0,0.0,0.0,536000,NORMAL,0,0
704,2026-10-02T19:33:15.221408,SIMULATION,AQUATWIN-SIM-01,150.0,0.0,0.0,0.0,535000,NORMAL,0,0
703,2026-10-02T19:33:14.196594,SIMULATION,AQUATWIN-SIM-01,150.0,0.0,0.0,0.0,534000,NORMAL,1,0
701,2026-10-02T19:33:13.195728,SIMULATION,AQUATWIN-SIM-01,150.0,0.0,0.0,0.0,533000,NORMAL,0,0
700,2026-10-02T19:33:12.194011,SIMULATION,AQUATWIN-SIM-01,150.0,0.0,0.0,0.0,532000,NORMAL,0,0
699,2026-10-02T19:33:11.171970,SIMULATION,AQUATWIN-SIM-01,150.0,0.0,0.0,0.0,531000,NORMAL,1,0
697,2026-10-02T19:33:10.133083,SIMULATION,AQUATWIN-SIM-01,150.0,0.0,0.0,0.0,530000,NORMAL,0,0
696,2026-10-02T19:33:09.110987,SIMULATION,AQUATWIN-SIM-01,150.0,0.0,0.0,0.0,529000,NORMAL,0,0
695,2026-10-02T19:33:08.074275,SIMULATION,AQUATWIN-SIM-01,150.0,0.0,0.0,0.0,528000,NORMAL,1,0
693,2026-10-02T19:33:07.068447,SIMULATION,AQUATWIN-SIM-01,150.0,0.0,0.0,0.0,527000,NORMAL,0,0
692,2026-10-02T19:33:06.042725,SIMULATION,AQUATWIN-SIM-01,150.0,0.0,0.0,0.0,526000,NORMAL,0,0
691,2026-10-02T19:33:05.010104,SIMULATION,AQUATWIN-SIM-01,150.0,0.0,0.0,0.0,525000,NORMAL,1,0
689,2026-10-02T19:33:03.984565,SIMULATION,AQUATWIN-SIM-01,150.0,0.0,0.0,0.0,524000,NORMAL,0,0
688,2026-10-02T19:33:02.952399,SIMULATION,AQUATWIN-SIM-01,150.0,0.0,0.0,0.0,523000,NORMAL,0,0
687,2026-10-02T19:33:01.929974,SIMULATION,AQUATWIN-SIM-01,150.0,0.0,0.0,0.0,522000,NORMAL,1,0
685,2026-10-02T19:33:00.894843,SIMULATION,AQUATWIN-SIM-01,150.0,0.0,0.0,0.0,521000,NORMAL,0,0
684,2026-10-02T19:32:59.870310,SIMULATION,AQUATWIN-SIM-01,150.0,0.0,0.0,0.0,520000,NORMAL,0,0
683,2026-10-02T19:32:58.849738,SIMULATION,AQUATWIN-SIM-01,150.0,0.0,0.0,0.0,519000,NORMAL,1,0
681,2026-10-02T19:32:57.841051,SIMULATION,AQUATWIN-SIM-01,150.0,0.0,0.0,0.0,518000,NORMAL,0,0
680,2026-10-02T19:32:56.806876,SIMULATION,AQUATWIN-SIM-01,150.0,0.0,0.0,0.0,517000,NORMAL,0,0
679,2026-10-02T19:32:55.787422,SIMULATION,AQUATWIN-SIM-01,150.0,0.0,0.0,0.0,516000,NORMAL,1,0
677,2026-10-02T19:32:54.763132,SIMULATION,AQUATWIN-SIM-01,150.0,0.0,0.0,0.0,515000,NORMAL,0,0
676,2026-10-02T19:32:53.755058,SIMULATION,AQUATWIN-SIM-01,150.0,0.0,0.0,0.0,514000,NORMAL,0,0
675,2026-10-02T19:32:52.717462,SIMULATION,AQUATWIN-SIM-01,150.0,0.0,0.0,0.0,513000,NORMAL,1,0
673,2026-10-02T19:32:51.722098,SIMULATION,AQUATWIN-SIM-01,150.0,0.0,0.0,0.0,512000,NORMAL,0,0
672,2026-10-02T19:32:50.684827,SIMULATION,AQUATWIN-SIM-01,150.0,0.0,0.0,0.0,511000,NORMAL,0,0
671,2026-10-02T19:32:49.660984,SIMULATION,AQUATWIN-SIM-01,150.0,0.0,0.0,0.0,510000,NORMAL,1,0
669,2026-10-02T19:32:48.628064,SIMULATION,AQUATWIN-SIM-01,150.0,0.0,0.0,0.0,509000,NORMAL,0,0
668,2026-10-02T19:32:47.589267,SIMULATION,AQUATWIN-SIM-01,150.0,0.0,0.0,0.0,508000,NORMAL,0,0
667,2026-10-02T19:32:46.553577,SIMULATION,AQUATWIN-SIM-01,150.0,0.0,0.0,0.0,507000,NORMAL,1,0
665,2026-10-02T19:32:45.527836,SIMULATION,AQUATWIN-SIM-01,150.0,0.0,0.0,0.0,506000,NORMAL,0,0
664,2026-10-02T19:32:44.493095,SIMULATION,AQUATWIN-SIM-01,150.0,0.0,0.0,0.0,505000,NORMAL,0,0
663,2026-10-02T19:32:43.503142,SIMULATION,AQUATWIN-SIM-01,150.0,0.0,0.0,0.0,504000,NORMAL,1,0
661,2026-10-02T19:32:42.469011,SIMULATION,AQUATWIN-SIM-01,150.0,0.0,0.0,0.0,503000,NORMAL,0,0
660,2026-10-02T19:32:41.433044,SIMULATION,AQUATWIN-SIM-01,150.0,0.0,0.0,0.0,502000,NORMAL,0,0
659,2026-10-02T19:32:40.411255,SIMULATION,AQUATWIN-SIM-01,150.0,0.0,0.0,0.0,501000,NORMAL,1,0
657,2026-10-02T19:32:39.372174,SIMULATION,AQUATWIN-SIM-01,150.0,0.0,0.0,0.0,500000,NORMAL,0,0
656,2026-10-02T19:32:38.381944,SIMULATION,AQUATWIN-SIM-01,150.0,0.0,0.0,0.0,499000,NORMAL,0,0
655,2026-10-02T19:32:37.378833,SIMULATION,AQUATWIN-SIM-01,150.0,0.0,0.0,0.0,498000,NORMAL,1,0
653,2026-10-02T19:32:36.338948,SIMULATION,AQUATWIN-SIM-01,150.0,0.0,0.0,0.0,497000,NORMAL,0,0
652,2026-10-02T19:32:35.347127,SIMULATION,AQUATWIN-SIM-01,150.0,0.0,0.0,0.0,496000,NORMAL,0,0
651,2026-10-02T19:32:34.309421,SIMULATION,AQUATWIN-SIM-01,150.0,0.0,0.0,0.0,495000,NORMAL,1,0
649,2026-10-02T19:32:33.290839,SIMULATION,AQUATWIN-SIM-01,150.0,0.0,0.0,0.0,494000,NORMAL,0,0
648,2026-10-02T19:32:32.270279,SIMULATION,AQUATWIN-SIM-01,150.0,0.0,0.0,0.0,493000,NORMAL,0,0
647,2026-10-02T19:32:31.252085,SIMULATION,AQUATWIN-SIM-01,150.0,0.0,0.0,0.0,492000,NORMAL,1,0
645,2026-10-02T19:32:30.213664,SIMULATION,AQUATWIN-SIM-01,150.0,0.0,0.0,0.0,491000,NORMAL,0,0
644,2026-10-02T19:32:29.180093,SIMULATION,AQUATWIN-SIM-01,150.0,0.0,0.0,0.0,490000,NORMAL,0,0
643,2026-10-02T19:32:28.144902,SIMULATION,AQUATWIN-SIM-01,150.0,0.0,0.0,0.0,489000,NORMAL,1,0
641,2026-10-02T19:32:27.120001,SIMULATION,AQUATWIN-SIM-01,150.0,0.0,0.0,0.0,488000,NORMAL,0,0
640,2026-10-02T19:32:26.135294,SIMULATION,AQUATWIN-SIM-01,150.0,0.0,0.0,0.0,487000,NORMAL,0,0
639,2026-10-02T19:32:25.123171,SIMULATION,AQUATWIN-SIM-01,150.0,0.0,0.0,0.0,486000,NORMAL,1,0
637,2026-10-02T19:32:24.095016,SIMULATION,AQUATWIN-SIM-01,150.0,0.0,0.0,0.0,485000,NORMAL,0,0
636,2026-10-02T19:32:23.086704,SIMULATION,AQUATWIN-SIM-01,150.0,0.0,0.0,0.0,484000,NORMAL,0,0
635,2026-10-02T19:32:22.063749,SIMULATION,AQUATWIN-SIM-01,150.0,0.0,0.0,0.0,483000,NORMAL,1,0
633,2026-10-02T19:32:21.035229,SIMULATION,AQUATWIN-SIM-01,150.0,0.0,0.0,0.0,482000,NORMAL,0,0
632,2026-10-02T19:32:20.010142,SIMULATION,AQUATWIN-SIM-01,150.0,0.0,0.0,0.0,481000,NORMAL,0,0
631,2026-10-02T19:32:19.010931,SIMULATION,AQUATWIN-SIM-01,150.0,0.0,0.0,0.0,480000,NORMAL,1,0
629,2026-10-02T19:32:17.983581,SIMULATION,AQUATWIN-SIM-01,150.0,0.0,0.0,0.0,479000,NORMAL,0,0
628,2026-10-02T19:32:16.975311,SIMULATION,AQUATWIN-SIM-01,150.0,0.0,0.0,0.0,478000,NORMAL,0,0
627,2026-10-02T19:32:15.974719,SIMULATION,AQUATWIN-SIM-01,150.0,0.0,0.0,0.0,477000,NORMAL,1,0
625,2026-10-02T19:32:14.946187,SIMULATION,AQUATWIN-SIM-01,150.0,0.0,0.0,0.0,476000,NORMAL,0,0
624,2026-10-02T19:32:13.921157,SIMULATION,AQUATWIN-SIM-01,150.0,0.0,0.0,0.0,475000,NORMAL,0,0
623,2026-10-02T19:32:12.896078,SIMULATION,AQUATWIN-SIM-01,150.0,0.0,0.0,0.0,474000,NORMAL,1,0
621,2026-10-02T19:32:11.873389,SIMULATION,AQUATWIN-SIM-01,150.0,0.0,0.0,0.0,473000,NORMAL,0,0
620,2026-10-02T19:32:10.847475,SIMULATION,AQUATWIN-SIM-01,150.0,0.0,0.0,0.0,472000,NORMAL,0,0
619,2026-10-02T19:32:09.823095,SIMULATION,AQUATWIN-SIM-01,150.0,0.0,0.0,0.0,471000,NORMAL,1,0
617,2026-10-02T19:32:08.812232,SIMULATION,AQUATWIN-SIM-01,150.0,0.0,0.0,0.0,470000,NORMAL,0,0
616,2026-10-02T19:32:07.789595,SIMULATION,AQUATWIN-SIM-01,150.0,0.0,0.0,0.0,469000,NORMAL,0,0
615,2026-10-02T19:32:06.774672,SIMULATION,AQUATWIN-SIM-01,150.0,0.0,0.0,0.0,468000,NORMAL,1,0
613,2026-10-02T19:32:05.763555,SIMULATION,AQUATWIN-SIM-01,150.0,0.0,0.0,0.0,467000,NORMAL,0,0
612,2026-10-02T19:32:04.734110,SIMULATION,AQUATWIN-SIM-01,150.0,0.0,0.0,0.0,466000,NORMAL,0,0
611,2026-10-02T19:32:03.711619,SIMULATION,AQUATWIN-SIM-01,150.0,0.0,0.0,0.0,465000,NORMAL,1,0
609,2026-10-02T19:32:02.715719,SIMULATION,AQUATWIN-SIM-01,150.0,0.0,0.0,0.0,464000,NORMAL,0,0
608,2026-10-02T19:32:01.721687,SIMULATION,AQUATWIN-SIM-01,150.0,0.0,0.0,0.0,463000,NORMAL,0,0
607,2026-10-02T19:32:00.697377,SIMULATION,AQUATWIN-SIM-01,150.0,0.0,0.0,0.0,462000,NORMAL,1,0
605,2026-10-02T19:31:59.670505,SIMULATION,AQUATWIN-SIM-01,150.0,0.0,0.0,0.0,461000,NORMAL,0,0
604,2026-10-02T19:31:58.642476,SIMULATION,AQUATWIN-SIM-01,150.0,0.0,0.0,0.0,460000,NORMAL,0,0
603,2026-10-02T19:31:57.616168,SIMULATION,AQUATWIN-SIM-01,150.0,0.0,0.0,0.0,459000,NORMAL,1,0
601,2026-10-02T19:31:56.591264,SIMULATION,AQUATWIN-SIM-01,150.0,0.0,0.0,0.0,458000,NORMAL,0,0
600,2026-10-02T19:31:55.562957,SIMULATION,AQUATWIN-SIM-01,150.0,0.0,0.0,0.0,457000,NORMAL,0,0
599,2026-10-02T19:31:54.537635,SIMULATION,AQUATWIN-SIM-01,150.0,0.0,0.0,0.0,456000,NORMAL,1,0
597,2026-10-02T19:31:53.523869,SIMULATION,AQUATWIN-SIM-01,150.0,0.0,0.0,0.0,455000,NORMAL,0,0
596,2026-10-02T19:31:52.516367,SIMULATION,AQUATWIN-SIM-01,150.0,0.0,0.0,0.0,454000,NORMAL,0,0
595,2026-10-02T19:31:51.507044,SIMULATION,AQUATWIN-SIM-01,150.0,0.0,0.0,0.0,453000,NORMAL,1,0
593,2026-10-02T19:31:50.495365,SIMULATION,AQUATWIN-SIM-01,150.0,0.0,0.0,0.0,452000,NORMAL,0,0
592,2026-10-02T19:31:49.496328,SIMULATION,AQUATWIN-SIM-01,150.0,0.0,0.0,0.0,451000,NORMAL,0,0
591,2026-10-02T19:31:48.484366,SIMULATION,AQUATWIN-SIM-01,150.0,0.0,0.0,0.0,450000,NORMAL,1,0
589,2026-10-02T19:31:47.461201,SIMULATION,AQUATWIN-SIM-01,150.0,0.0,0.0,0.0,449000,NORMAL,0,0
588,2026-10-02T19:31:46.473942,SIMULATION,AQUATWIN-SIM-01,150.0,0.0,0.0,0.0,448000,NORMAL,0,0
587,2026-10-02T19:31:45.436055,SIMULATION,AQUATWIN-SIM-01,150.0,0.0,0.0,0.0,447000,NORMAL,1,0
585,2026-10-02T19:31:44.413537,SIMULATION,AQUATWIN-SIM-01,150.0,0.0,0.0,0.0,446000,NORMAL,0,0
584,2026-10-02T19:31:43.423076,SIMULATION,AQUATWIN-SIM-01,150.0,0.0,0.0,0.0,445000,NORMAL,0,0
583,2026-10-02T19:31:42.398156,SIMULATION,AQUATWIN-SIM-01,150.0,0.0,0.0,0.0,444000,NORMAL,1,0
581,2026-10-02T19:31:41.384624,SIMULATION,AQUATWIN-SIM-01,150.0,0.0,0.0,0.0,443000,NORMAL,0,0
580,2026-10-02T19:31:40.372300,SIMULATION,AQUATWIN-SIM-01,150.0,0.0,0.0,0.0,442000,NORMAL,0,0
579,2026-10-02T19:31:39.357536,SIMULATION,AQUATWIN-SIM-01,150.0,0.0,0.0,0.0,441000,NORMAL,1,0
577,2026-10-02T19:31:38.350638,SIMULATION,AQUATWIN-SIM-01,150.0,0.0,0.0,0.0,440000,NORMAL,0,0
576,2026-10-02T19:31:37.351501,SIMULATION,AQUATWIN-SIM-01,150.0,0.0,0.0,0.0,439000,NORMAL,0,0
575,2026-10-02T19:31:36.356134,SIMULATION,AQUATWIN-SIM-01,150.0,0.0,0.0,0.0,438000,NORMAL,1,0
573,2026-10-02T19:31:35.347651,SIMULATION,AQUATWIN-SIM-01,150.0,0.0,0.0,0.0,437000,NORMAL,0,0
572,2026-10-02T19:31:34.336065,SIMULATION,AQUATWIN-SIM-01,150.0,0.0,0.0,0.0,436000,NORMAL,0,0
571,2026-10-02T19:31:33.309941,SIMULATION,AQUATWIN-SIM-01,150.0,0.0,0.0,0.0,435000,NORMAL,1,0
569,2026-10-02T19:31:32.287172,SIMULATION,AQUATWIN-SIM-01,150.0,0.0,0.0,0.0,434000,NORMAL,0,0
568,2026-10-02T19:31:31.259977,SIMULATION,AQUATWIN-SIM-01,150.0,0.0,0.0,0.0,433000,NORMAL,0,0
567,2026-10-02T19:31:30.249035,SIMULATION,AQUATWIN-SIM-01,150.0,0.0,0.0,0.0,432000,NORMAL,1,0
565,2026-10-02T19:31:29.234223,SIMULATION,AQUATWIN-SIM-01,150.0,0.0,0.0,0.0,431000,NORMAL,0,0
564,2026-10-02T19:31:28.211629,SIMULATION,AQUATWIN-SIM-01,150.0,0.0,0.0,0.0,430000,NORMAL,0,0
563,2026-10-02T19:31:27.201230,SIMULATION,AQUATWIN-SIM-01,150.0,0.0,0.0,0.0,429000,NORMAL,1,0
561,2026-10-02T19:31:26.189887,SIMULATION,AQUATWIN-SIM-01,150.0,0.0,0.0,0.0,428000,NORMAL,0,0
560,2026-10-02T19:31:25.182568,SIMULATION,AQUATWIN-SIM-01,150.0,0.0,0.0,0.0,427000,NORMAL,0,0
559,2026-10-02T19:31:24.153982,SIMULATION,AQUATWIN-SIM-01,150.0,0.0,0.0,0.0,426000,NORMAL,1,0
557,2026-10-02T19:31:23.143933,SIMULATION,AQUATWIN-SIM-01,150.0,0.0,0.0,0.0,425000,NORMAL,0,0
556,2026-10-02T19:31:22.117812,SIMULATION,AQUATWIN-SIM-01,150.0,0.0,0.0,0.0,424000,NORMAL,0,0
555,2026-10-02T19:31:21.124897,SIMULATION,AQUATWIN-SIM-01,150.0,0.0,0.0,0.0,423000,NORMAL,1,0
553,2026-10-02T19:31:20.113595,SIMULATION,AQUATWIN-SIM-01,150.0,0.0,0.0,0.0,422000,NORMAL,0,0
552,2026-10-02T19:31:19.085168,SIMULATION,AQUATWIN-SIM-01,150.0,0.0,0.0,0.0,421000,NORMAL,0,0
551,2026-10-02T19:31:18.092958,SIMULATION,AQUATWIN-SIM-01,150.0,0.0,0.0,0.0,420000,NORMAL,1,0
549,2026-10-02T19:31:17.064753,SIMULATION,AQUATWIN-SIM-01,150.0,0.0,0.0,0.0,419000,NORMAL,0,0
548,2026-10-02T19:31:16.041084,SIMULATION,AQUATWIN-SIM-01,150.0,0.0,0.0,0.0,418000,NORMAL,0,0
547,2026-10-02T19:31:15.044175,SIMULATION,AQUATWIN-SIM-01,150.0,0.0,0.0,0.0,417000,NORMAL,1,0
545,2026-10-02T19:31:14.020193,SIMULATION,AQUATWIN-SIM-01,150.0,0.0,0.0,0.0,416000,NORMAL,0,0
544,2026-10-02T19:31:13.004681,SIMULATION,AQUATWIN-SIM-01,150.0,0.0,0.0,0.0,415000,NORMAL,0,0
543,2026-10-02T19:31:11.982441,SIMULATION,AQUATWIN-SIM-01,150.0,0.0,0.0,0.0,414000,NORMAL,1,0
541,2026-10-02T19:31:10.960630,SIMULATION,AQUATWIN-SIM-01,150.0,0.0,0.0,0.0,413000,NORMAL,0,0
540,2026-10-02T19:31:09.934522,SIMULATION,AQUATWIN-SIM-01,150.0,0.0,0.0,0.0,412000,NORMAL,0,0
539,2026-10-02T19:31:08.907423,SIMULATION,AQUATWIN-SIM-01,150.0,0.0,0.0,0.0,411000,NORMAL,1,0
537,2026-10-02T19:31:07.884109,SIMULATION,AQUATWIN-SIM-01,150.0,0.0,0.0,0.0,410000,NORMAL,0,0
536,2026-10-02T19:31:06.860357,SIMULATION,AQUATWIN-SIM-01,150.0,0.0,0.0,0.0,409000,NORMAL,0,0
535,2026-10-02T19:31:05.833839,SIMULATION,AQUATWIN-SIM-01,150.0,0.0,0.0,0.0,408000,NORMAL,1,0
533,2026-10-02T19:31:04.823897,SIMULATION,AQUATWIN-SIM-01,150.0,0.0,0.0,0.0,407000,NORMAL,0,0
532,2026-10-02T19:31:03.815511,SIMULATION,AQUATWIN-SIM-01,150.0,0.0,0.0,0.0,406000,NORMAL,0,0
531,2026-10-02T19:31:02.807662,SIMULATION,AQUATWIN-SIM-01,150.0,0.0,0.0,0.0,405000,NORMAL,0,0
530,2026-10-02T19:31:01.791525,SIMULATION,AQUATWIN-SIM-01,150.0,0.0,0.0,0.0,404000,NORMAL,1,0
528,2026-10-02T19:31:00.787043,SIMULATION,AQUATWIN-SIM-01,150.0,0.0,0.0,0.0,403000,NORMAL,0,0
527,2026-10-02T19:30:59.774451,SIMULATION,AQUATWIN-SIM-01,150.0,0.0,0.0,0.0,402000,NORMAL,0,0
526,2026-10-02T19:30:58.765057,SIMULATION,AQUATWIN-SIM-01,150.0,0.0,0.0,0.0,401000,NORMAL,1,0
524,2026-10-02T19:30:57.751770,SIMULATION,AQUATWIN-SIM-01,150.0,0.0,0.0,0.0,400000,NORMAL,0,0
523,2026-10-02T19:30:56.757121,SIMULATION,AQUATWIN-SIM-01,150.0,0.0,0.0,0.0,399000,NORMAL,0,0
522,2026-10-02T19:30:55.757882,SIMULATION,AQUATWIN-SIM-01,150.0,0.0,0.0,0.0,398000,NORMAL,1,0
520,2026-10-02T19:30:54.743360,SIMULATION,AQUATWIN-SIM-01,150.0,0.0,0.0,0.0,397000,NORMAL,0,0
519,2026-10-02T19:30:53.734499,SIMULATION,AQUATWIN-SIM-01,150.0,0.0,0.0,0.0,396000,NORMAL,0,0
518,2026-10-02T19:30:52.709647,SIMULATION,AQUATWIN-SIM-01,150.0,0.0,0.0,0.0,395000,NORMAL,1,0
516,2026-10-02T19:30:51.730334,SIMULATION,AQUATWIN-SIM-01,150.0,0.0,0.0,0.0,394000,NORMAL,0,0
515,2026-10-02T19:30:50.710218,SIMULATION,AQUATWIN-SIM-01,150.0,0.0,0.0,0.0,393000,NORMAL,0,0
514,2026-10-02T19:30:49.688492,SIMULATION,AQUATWIN-SIM-01,150.0,0.0,0.0,0.0,392000,NORMAL,1,0
512,2026-10-02T19:30:48.681166,SIMULATION,AQUATWIN-SIM-01,150.0,0.0,0.0,0.0,391000,NORMAL,0,0
511,2026-10-02T19:30:47.683967,SIMULATION,AQUATWIN-SIM-01,150.0,0.0,0.0,0.0,390000,NORMAL,0,0
510,2026-10-02T19:30:46.656178,SIMULATION,AQUATWIN-SIM-01,150.0,0.0,0.0,0.0,389000,NORMAL,1,0
508,2026-10-02T19:30:45.634116,SIMULATION,AQUATWIN-SIM-01,150.0,0.0,0.0,0.0,388000,NORMAL,0,0
507,2026-10-02T19:30:44.636880,SIMULATION,AQUATWIN-SIM-01,150.0,0.0,0.0,0.0,387000,NORMAL,0,0
506,2026-10-02T19:30:43.627509,SIMULATION,AQUATWIN-SIM-01,150.0,0.0,0.0,0.0,386000,NORMAL,1,0
504,2026-10-02T19:30:42.599122,SIMULATION,AQUATWIN-SIM-01,150.0,0.0,0.0,0.0,385000,NORMAL,0,0
503,2026-10-02T19:30:41.591242,SIMULATION,AQUATWIN-SIM-01,150.0,0.0,0.0,0.0,384000,NORMAL,0,0
502,2026-10-02T19:30:40.593996,SIMULATION,AQUATWIN-SIM-01,150.0,0.0,0.0,0.0,383000,NORMAL,1,0
500,2026-10-02T19:30:39.567866,SIMULATION,AQUATWIN-SIM-01,150.0,0.0,0.0,0.0,382000,NORMAL,0,0
499,2026-10-02T19:30:38.523154,SIMULATION,AQUATWIN-SIM-01,150.0,0.0,0.0,0.0,381000,NORMAL,0,0
498,2026-10-02T19:30:37.506631,SIMULATION,AQUATWIN-SIM-01,150.0,0.0,0.0,0.0,380000,NORMAL,1,0
496,2026-10-02T19:30:36.488383,SIMULATION,AQUATWIN-SIM-01,150.0,0.0,0.0,0.0,379000,NORMAL,0,0
495,2026-10-02T19:30:35.458849,SIMULATION,AQUATWIN-SIM-01,150.0,0.0,0.0,0.0,378000,NORMAL,0,0
494,2026-10-02T19:30:34.462216,SIMULATION,AQUATWIN-SIM-01,150.0,0.0,0.0,0.0,377000,NORMAL,1,0
492,2026-10-02T19:30:33.438688,SIMULATION,AQUATWIN-SIM-01,150.0,0.0,0.0,0.0,376000,NORMAL,0,0
491,2026-10-02T19:30:32.416567,SIMULATION,AQUATWIN-SIM-01,150.0,0.0,0.0,0.0,375000,NORMAL,0,0
490,2026-10-02T19:30:31.417989,SIMULATION,AQUATWIN-SIM-01,150.0,0.0,0.0,0.0,374000,NORMAL,1,0
488,2026-10-02T19:30:30.393467,SIMULATION,AQUATWIN-SIM-01,150.0,0.0,0.0,0.0,373000,NORMAL,0,0
487,2026-10-02T19:30:29.381523,SIMULATION,AQUATWIN-SIM-01,150.0,0.0,0.0,0.0,372000,NORMAL,0,0
486,2026-10-02T19:30:28.369835,SIMULATION,AQUATWIN-SIM-01,150.0,0.0,0.0,0.0,371000,NORMAL,1,0
484,2026-10-02T19:30:27.377237,SIMULATION,AQUATWIN-SIM-01,150.0,0.0,0.0,0.0,370000,NORMAL,0,0
483,2026-10-02T19:30:26.337210,SIMULATION,AQUATWIN-SIM-01,150.0,0.0,0.0,0.0,369000,NORMAL,0,0
482,2026-10-02T19:30:25.313471,SIMULATION,AQUATWIN-SIM-01,150.0,0.0,0.0,0.0,368000,NORMAL,1,0
480,2026-10-02T19:30:24.285457,SIMULATION,AQUATWIN-SIM-01,150.0,0.0,0.0,0.0,367000,NORMAL,0,0
479,2026-10-02T19:30:23.244331,SIMULATION,AQUATWIN-SIM-01,150.0,0.0,0.0,0.0,366000,NORMAL,0,0
478,2026-10-02T19:30:22.251283,SIMULATION,AQUATWIN-SIM-01,150.0,0.0,0.0,0.0,365000,NORMAL,1,0
476,2026-10-02T19:30:21.226383,SIMULATION,AQUATWIN-SIM-01,150.0,0.0,0.0,0.0,364000,NORMAL,0,0
475,2026-10-02T19:30:20.218680,SIMULATION,AQUATWIN-SIM-01,150.0,0.0,0.0,0.0,363000,NORMAL,0,0
474,2026-10-02T19:30:19.190615,SIMULATION,AQUATWIN-SIM-01,150.0,0.0,0.0,0.0,362000,NORMAL,1,0
472,2026-10-02T19:30:18.162485,SIMULATION,AQUATWIN-SIM-01,150.0,0.0,0.0,0.0,361000,NORMAL,0,0
471,2026-10-02T19:30:17.137697,SIMULATION,AQUATWIN-SIM-01,150.0,0.0,0.0,0.0,360000,NORMAL,0,0
470,2026-10-02T19:30:16.101183,SIMULATION,AQUATWIN-SIM-01,150.0,0.0,0.0,0.0,359000,NORMAL,1,0
468,2026-10-02T19:30:15.090659,SIMULATION,AQUATWIN-SIM-01,150.0,0.0,0.0,0.0,358000,NORMAL,0,0
467,2026-10-02T19:30:14.096570,SIMULATION,AQUATWIN-SIM-01,150.0,0.0,0.0,0.0,357000,NORMAL,0,0
466,2026-10-02T19:30:13.061207,SIMULATION,AQUATWIN-SIM-01,150.0,0.0,0.0,0.0,356000,NORMAL,1,0
464,2026-10-02T19:30:12.047577,SIMULATION,AQUATWIN-SIM-01,150.0,0.0,0.0,0.0,355000,NORMAL,0,0
463,2026-10-02T19:30:11.010768,SIMULATION,AQUATWIN-SIM-01,150.0,0.0,0.0,0.0,354000,NORMAL,0,0
462,2026-10-02T19:30:09.995613,SIMULATION,AQUATWIN-SIM-01,150.0,0.0,0.0,0.0,353000,NORMAL,1,0
460,2026-10-02T19:30:09.000714,SIMULATION,AQUATWIN-SIM-01,150.0,0.0,0.0,0.0,352000,NORMAL,0,0
459,2026-10-02T19:30:07.973641,SIMULATION,AQUATWIN-SIM-01,150.0,0.0,0.0,0.0,351000,NORMAL,0,0
458,2026-10-02T19:30:06.932384,SIMULATION,AQUATWIN-SIM-01,150.0,0.0,0.0,0.0,350000,NORMAL,1,0
456,2026-10-02T19:30:05.931758,SIMULATION,AQUATWIN-SIM-01,150.0,0.0,0.0,0.0,349000,NORMAL,0,0
455,2026-10-02T19:30:04.927028,SIMULATION,AQUATWIN-SIM-01,150.0,0.0,0.0,0.0,348000,NORMAL,0,0
454,2026-10-02T19:30:03.885581,SIMULATION,AQUATWIN-SIM-01,150.0,0.0,0.0,0.0,347000,NORMAL,1,0
452,2026-10-02T19:30:02.858484,SIMULATION,AQUATWIN-SIM-01,150.0,0.0,0.0,0.0,346000,NORMAL,0,0
451,2026-10-02T19:30:01.835718,SIMULATION,AQUATWIN-SIM-01,150.0,0.0,0.0,0.0,345000,NORMAL,0,0
450,2026-10-02T19:30:00.838312,SIMULATION,AQUATWIN-SIM-01,150.0,0.0,0.0,0.0,344000,NORMAL,1,0
448,2026-10-02T19:29:59.810838,SIMULATION,AQUATWIN-SIM-01,150.0,0.0,0.0,0.0,343000,NORMAL,0,0
447,2026-10-02T19:29:58.798906,SIMULATION,AQUATWIN-SIM-01,150.0,0.0,0.0,0.0,342000,NORMAL,0,0
446,2026-10-02T19:29:57.800964,SIMULATION,AQUATWIN-SIM-01,150.0,0.0,0.0,0.0,341000,NORMAL,1,0
444,2026-10-02T19:29:56.760122,SIMULATION,AQUATWIN-SIM-01,150.0,0.0,0.0,0.0,340000,NORMAL,0,0
443,2026-10-02T19:29:55.746361,SIMULATION,AQUATWIN-SIM-01,150.0,0.0,0.0,0.0,339000,NORMAL,0,0
442,2026-10-02T19:29:54.749891,SIMULATION,AQUATWIN-SIM-01,150.0,0.0,0.0,0.0,338000,NORMAL,1,0
440,2026-10-02T19:29:53.711438,SIMULATION,AQUATWIN-SIM-01,150.0,0.0,0.0,0.0,337000,NORMAL,0,0
439,2026-10-02T19:29:52.684532,SIMULATION,AQUATWIN-SIM-01,150.0,0.0,0.0,0.0,336000,NORMAL,0,0
438,2026-10-02T19:29:51.659751,SIMULATION,AQUATWIN-SIM-01,150.0,0.0,0.0,0.0,335000,NORMAL,1,0
436,2026-10-02T19:29:50.633963,SIMULATION,AQUATWIN-SIM-01,150.0,0.0,0.0,0.0,334000,NORMAL,0,0
435,2026-10-02T19:29:49.610701,SIMULATION,AQUATWIN-SIM-01,150.0,0.0,0.0,0.0,333000,NORMAL,0,0
434,2026-10-02T19:29:48.605958,SIMULATION,AQUATWIN-SIM-01,150.0,0.0,0.0,0.0,332000,NORMAL,1,0
432,2026-10-02T19:29:47.586032,SIMULATION,AQUATWIN-SIM-01,150.0,0.0,0.0,0.0,331000,NORMAL,0,0
431,2026-10-02T19:29:46.562897,SIMULATION,AQUATWIN-SIM-01,150.0,0.0,0.0,0.0,330000,NORMAL,0,0
430,2026-10-02T19:29:45.540166,SIMULATION,AQUATWIN-SIM-01,150.0,0.0,0.0,0.0,329000,NORMAL,1,0
428,2026-10-02T19:29:44.510969,SIMULATION,AQUATWIN-SIM-01,150.0,0.0,0.0,0.0,328000,NORMAL,0,0
427,2026-10-02T19:29:43.485592,SIMULATION,AQUATWIN-SIM-01,150.0,0.0,0.0,0.0,327000,NORMAL,0,0
426,2026-10-02T19:29:42.462156,SIMULATION,AQUATWIN-SIM-01,150.0,0.0,0.0,0.0,326000,NORMAL,1,0
424,2026-10-02T19:29:41.438420,SIMULATION,AQUATWIN-SIM-01,150.0,0.0,0.0,0.0,325000,NORMAL,0,0
423,2026-10-02T19:29:40.429742,SIMULATION,AQUATWIN-SIM-01,150.0,0.0,0.0,0.0,324000,NORMAL,0,0
422,2026-10-02T19:29:39.433304,SIMULATION,AQUATWIN-SIM-01,150.0,0.0,0.0,0.0,323000,NORMAL,1,0
420,2026-10-02T19:29:38.408867,SIMULATION,AQUATWIN-SIM-01,150.0,0.0,0.0,0.0,322000,NORMAL,0,0
419,2026-10-02T19:29:37.400746,SIMULATION,AQUATWIN-SIM-01,150.0,0.0,0.0,0.0,321000,NORMAL,0,0
418,2026-10-02T19:29:36.374536,SIMULATION,AQUATWIN-SIM-01,150.0,0.0,0.0,0.0,320000,NORMAL,1,0
416,2026-10-02T19:29:35.350684,SIMULATION,AQUATWIN-SIM-01,150.0,0.0,0.0,0.0,319000,NORMAL,0,0
415,2026-10-02T19:29:34.330025,SIMULATION,AQUATWIN-SIM-01,150.0,0.0,0.0,0.0,318000,NORMAL,0,0
414,2026-10-02T19:29:33.319667,SIMULATION,AQUATWIN-SIM-01,150.0,0.0,0.0,0.0,317000,NORMAL,1,0
412,2026-10-02T19:29:32.298867,SIMULATION,AQUATWIN-SIM-01,150.0,0.0,0.0,0.0,316000,NORMAL,0,0
411,2026-10-02T19:29:31.277306,SIMULATION,AQUATWIN-SIM-01,150.0,0.0,0.0,0.0,315000,NORMAL,0,0
410,2026-10-02T19:29:30.265333,SIMULATION,AQUATWIN-SIM-01,150.0,0.0,0.0,0.0,314000,NORMAL,1,0
408,2026-10-02T19:29:29.242054,SIMULATION,AQUATWIN-SIM-01,150.0,0.0,0.0,0.0,313000,NORMAL,0,0
407,2026-10-02T19:29:28.246280,SIMULATION,AQUATWIN-SIM-01,150.0,0.0,0.0,0.0,312000,NORMAL,0,0
406,2026-10-02T19:29:27.252874,SIMULATION,AQUATWIN-SIM-01,150.0,0.0,0.0,0.0,311000,NORMAL,1,0
404,2026-10-02T19:29:26.228249,SIMULATION,AQUATWIN-SIM-01,150.0,0.0,0.0,0.0,310000,NORMAL,0,0
403,2026-10-02T19:29:25.214975,SIMULATION,AQUATWIN-SIM-01,150.0,0.0,0.0,0.0,309000,NORMAL,0,0
402,2026-10-02T19:29:24.187974,SIMULATION,AQUATWIN-SIM-01,150.0,0.0,0.0,0.0,308000,NORMAL,1,0
400,2026-10-02T19:29:23.162834,SIMULATION,AQUATWIN-SIM-01,150.0,0.0,0.0,0.0,307000,NORMAL,0,0
399,2026-10-02T19:29:22.138690,SIMULATION,AQUATWIN-SIM-01,150.0,0.0,0.0,0.0,306000,NORMAL,0,0
398,2026-10-02T19:29:21.117217,SIMULATION,AQUATWIN-SIM-01,150.0,0.0,0.0,0.0,305000,NORMAL,1,0
396,2026-10-02T19:29:20.133317,SIMULATION,AQUATWIN-SIM-01,150.0,0.0,0.0,0.0,304000,NORMAL,0,0
395,2026-10-02T19:29:19.106920,SIMULATION,AQUATWIN-SIM-01,150.0,0.0,0.0,0.0,303000,NORMAL,0,0
394,2026-10-02T19:29:18.070334,SIMULATION,AQUATWIN-SIM-01,150.0,0.0,0.0,0.0,302000,NORMAL,1,0
392,2026-10-02T19:29:17.051418,SIMULATION,AQUATWIN-SIM-01,150.0,0.0,0.0,0.0,301000,NORMAL,0,0
391,2026-10-02T19:29:16.014786,SIMULATION,AQUATWIN-SIM-01,150.0,0.0,0.0,0.0,300000,NORMAL,0,0
390,2026-10-02T19:29:14.998837,SIMULATION,AQUATWIN-SIM-01,150.0,0.0,0.0,0.0,299000,NORMAL,1,0
388,2026-10-02T19:29:13.961349,SIMULATION,AQUATWIN-SIM-01,150.0,0.0,0.0,0.0,298000,NORMAL,0,0
387,2026-10-02T19:29:12.938373,SIMULATION,AQUATWIN-SIM-01,150.0,0.0,0.0,0.0,297000,NORMAL,0,0
386,2026-10-02T19:29:11.902726,SIMULATION,AQUATWIN-SIM-01,150.0,0.0,0.0,0.0,296000,NORMAL,1,0
384,2026-10-02T19:29:10.883013,SIMULATION,AQUATWIN-SIM-01,150.0,0.0,0.0,0.0,295000,NORMAL,0,0
383,2026-10-02T19:29:09.845676,SIMULATION,AQUATWIN-SIM-01,150.0,0.0,0.0,0.0,294000,NORMAL,0,0
382,2026-10-02T19:29:08.789293,SIMULATION,AQUATWIN-SIM-01,150.0,0.0,0.0,0.0,293000,NORMAL,1,0
380,2026-10-02T19:29:07.766283,SIMULATION,AQUATWIN-SIM-01,150.0,0.0,0.0,0.0,292000,NORMAL,0,0
379,2026-10-02T19:29:06.744511,SIMULATION,AQUATWIN-SIM-01,150.0,0.0,0.0,0.0,291000,NORMAL,0,0
378,2026-10-02T19:29:05.722099,SIMULATION,AQUATWIN-SIM-01,150.0,0.0,0.0,0.0,290000,NORMAL,1,0
376,2026-10-02T19:29:04.688678,SIMULATION,AQUATWIN-SIM-01,150.0,0.0,0.0,0.0,289000,NORMAL,0,0
375,2026-10-02T19:29:03.649338,SIMULATION,AQUATWIN-SIM-01,150.0,0.0,0.0,0.0,288000,NORMAL,0,0
374,2026-10-02T19:29:02.644976,SIMULATION,AQUATWIN-SIM-01,150.0,0.0,0.0,0.0,287000,NORMAL,1,0
372,2026-10-02T19:29:01.618181,SIMULATION,AQUATWIN-SIM-01,150.0,0.0,0.0,0.0,286000,NORMAL,0,0
371,2026-10-02T19:29:00.589203,SIMULATION,AQUATWIN-SIM-01,150.0,0.0,0.0,0.0,285000,NORMAL,0,0
370,2026-10-02T19:28:59.584829,SIMULATION,AQUATWIN-SIM-01,150.0,0.0,0.0,0.0,284000,NORMAL,1,0
368,2026-10-02T19:28:58.598218,SIMULATION,AQUATWIN-SIM-01,150.0,0.0,0.0,0.0,283000,NORMAL,0,0
367,2026-10-02T19:28:57.577930,SIMULATION,AQUATWIN-SIM-01,150.0,0.0,0.0,0.0,282000,NORMAL,0,0
366,2026-10-02T19:28:56.543613,SIMULATION,AQUATWIN-SIM-01,150.0,0.0,0.0,0.0,281000,NORMAL,1,0
364,2026-10-02T19:28:55.506130,SIMULATION,AQUATWIN-SIM-01,150.0,0.0,0.0,0.0,280000,NORMAL,0,0
363,2026-10-02T19:28:54.487228,SIMULATION,AQUATWIN-SIM-01,150.0,0.0,0.0,0.0,279000,NORMAL,0,0
362,2026-10-02T19:28:53.447973,SIMULATION,AQUATWIN-SIM-01,150.0,0.0,0.0,0.0,278000,NORMAL,1,0
360,2026-10-02T19:28:52.426331,SIMULATION,AQUATWIN-SIM-01,150.0,0.0,0.0,0.0,277000,NORMAL,0,0
359,2026-10-02T19:28:51.404867,SIMULATION,AQUATWIN-SIM-01,150.0,0.0,0.0,0.0,276000,NORMAL,0,0
358,2026-10-02T19:28:50.367024,SIMULATION,AQUATWIN-SIM-01,150.0,0.0,0.0,0.0,275000,NORMAL,1,0
356,2026-10-02T19:28:49.346327,SIMULATION,AQUATWIN-SIM-01,150.0,0.0,0.0,0.0,274000,NORMAL,0,0
355,2026-10-02T19:28:48.312135,SIMULATION,AQUATWIN-SIM-01,150.0,0.0,0.0,0.0,273000,NORMAL,0,0
354,2026-10-02T19:28:47.276573,SIMULATION,AQUATWIN-SIM-01,150.0,0.0,0.0,0.0,272000,NORMAL,1,0
352,2026-10-02T19:28:46.241303,SIMULATION,AQUATWIN-SIM-01,150.0,0.0,0.0,0.0,271000,NORMAL,0,0
351,2026-10-02T19:28:45.220389,SIMULATION,AQUATWIN-SIM-01,150.0,0.0,0.0,0.0,270000,NORMAL,0,0
350,2026-10-02T19:28:44.226545,SIMULATION,AQUATWIN-SIM-01,150.0,0.0,0.0,0.0,269000,NORMAL,1,0
348,2026-10-02T19:28:43.220523,SIMULATION,AQUATWIN-SIM-01,150.0,0.0,0.0,0.0,268000,NORMAL,0,0
347,2026-10-02T19:28:42.182458,SIMULATION,AQUATWIN-SIM-01,150.0,0.0,0.0,0.0,267000,NORMAL,0,0
346,2026-10-02T19:28:41.159812,SIMULATION,AQUATWIN-SIM-01,150.0,0.0,0.0,0.0,266000,NORMAL,1,0
344,2026-10-02T19:28:40.121074,SIMULATION,AQUATWIN-SIM-01,150.0,0.0,0.0,0.0,265000,NORMAL,0,0
343,2026-10-02T19:28:39.103614,SIMULATION,AQUATWIN-SIM-01,150.0,0.0,0.0,0.0,264000,NORMAL,0,0
342,2026-10-02T19:28:38.083752,SIMULATION,AQUATWIN-SIM-01,150.0,0.0,0.0,0.0,263000,NORMAL,1,0
340,2026-10-02T19:28:37.052584,SIMULATION,AQUATWIN-SIM-01,150.0,0.0,0.0,0.0,262000,NORMAL,0,0
339,2026-10-02T19:28:36.015461,SIMULATION,AQUATWIN-SIM-01,150.0,0.0,0.0,0.0,261000,NORMAL,0,0
338,2026-10-02T19:28:34.994903,SIMULATION,AQUATWIN-SIM-01,150.0,0.0,0.0,0.0,260000,NORMAL,1,0
336,2026-10-02T19:28:33.972736,SIMULATION,AQUATWIN-SIM-01,150.0,0.0,0.0,0.0,259000,NORMAL,0,0
335,2026-10-02T19:28:32.965532,SIMULATION,AQUATWIN-SIM-01,150.0,0.0,0.0,0.0,258000,NORMAL,0,0
334,2026-10-02T19:28:31.941582,SIMULATION,AQUATWIN-SIM-01,150.0,0.0,0.0,0.0,257000,NORMAL,1,0
332,2026-10-02T19:28:30.903470,SIMULATION,AQUATWIN-SIM-01,150.0,0.0,0.0,0.0,256000,NORMAL,0,0
331,2026-10-02T19:28:29.867007,SIMULATION,AQUATWIN-SIM-01,150.0,0.0,0.0,0.0,255000,NORMAL,0,0
330,2026-10-02T19:28:28.875176,SIMULATION,AQUATWIN-SIM-01,150.0,0.0,0.0,0.0,254000,NORMAL,1,0
328,2026-10-02T19:28:27.836228,SIMULATION,AQUATWIN-SIM-01,150.0,0.0,0.0,0.0,253000,NORMAL,0,0
327,2026-10-02T19:28:26.812546,SIMULATION,AQUATWIN-SIM-01,150.0,0.0,0.0,0.0,252000,NORMAL,0,0
326,2026-10-02T19:28:25.775688,SIMULATION,AQUATWIN-SIM-01,150.0,0.0,0.0,0.0,251000,NORMAL,1,0
324,2026-10-02T19:28:24.755567,SIMULATION,AQUATWIN-SIM-01,150.0,0.0,0.0,0.0,250000,NORMAL,0,0
323,2026-10-02T19:28:23.733905,SIMULATION,AQUATWIN-SIM-01,150.0,0.0,0.0,0.0,249000,NORMAL,0,0
322,2026-10-02T19:28:22.701496,SIMULATION,AQUATWIN-SIM-01,150.0,0.0,0.0,0.0,248000,NORMAL,1,0
320,2026-10-02T19:28:21.678028,SIMULATION,AQUATWIN-SIM-01,150.0,0.0,0.0,0.0,247000,NORMAL,0,0
319,2026-10-02T19:28:20.639912,SIMULATION,AQUATWIN-SIM-01,150.0,0.0,0.0,0.0,246000,NORMAL,0,0
318,2026-10-02T19:28:19.604292,SIMULATION,AQUATWIN-SIM-01,150.0,0.0,0.0,0.0,245000,NORMAL,1,0
316,2026-10-02T19:28:18.587429,SIMULATION,AQUATWIN-SIM-01,150.0,0.0,0.0,0.0,244000,NORMAL,0,0
315,2026-10-02T19:28:17.594679,SIMULATION,AQUATWIN-SIM-01,150.0,0.0,0.0,0.0,243000,NORMAL,0,0
314,2026-10-02T19:28:16.555624,SIMULATION,AQUATWIN-SIM-01,150.0,0.0,0.0,0.0,242000,NORMAL,0,0
313,2026-10-02T19:28:15.541399,SIMULATION,AQUATWIN-SIM-01,150.0,0.0,0.0,0.0,241000,NORMAL,1,0
311,2026-10-02T19:28:14.501056,SIMULATION,AQUATWIN-SIM-01,150.0,0.0,0.0,0.0,240000,NORMAL,0,0
310,2026-10-02T19:28:13.459767,SIMULATION,AQUATWIN-SIM-01,150.0,0.0,0.0,0.0,239000,NORMAL,1,0
308,2026-10-02T19:28:12.434242,SIMULATION,AQUATWIN-SIM-01,150.0,0.0,0.0,0.0,238000,NORMAL,0,0
307,2026-10-02T19:28:11.414733,SIMULATION,AQUATWIN-SIM-01,150.0,0.0,0.0,0.0,237000,NORMAL,0,0
306,2026-10-02T19:28:10.393594,SIMULATION,AQUATWIN-SIM-01,150.0,0.0,0.0,0.0,236000,NORMAL,1,0
304,2026-10-02T19:28:09.352345,SIMULATION,AQUATWIN-SIM-01,150.0,0.0,0.0,0.0,235000,NORMAL,0,0
303,2026-10-02T19:28:08.333367,SIMULATION,AQUATWIN-SIM-01,150.0,0.0,0.0,0.0,234000,NORMAL,0,0
302,2026-10-02T19:28:07.295844,SIMULATION,AQUATWIN-SIM-01,150.0,0.0,0.0,0.0,233000,NORMAL,1,0
300,2026-10-02T19:28:06.262948,SIMULATION,AQUATWIN-SIM-01,150.0,0.0,0.0,0.0,232000,NORMAL,0,0
299,2026-10-02T19:28:05.224165,SIMULATION,AQUATWIN-SIM-01,150.0,0.0,0.0,0.0,231000,NORMAL,0,0
298,2026-10-02T19:28:04.186920,SIMULATION,AQUATWIN-SIM-01,150.0,0.0,0.0,0.0,230000,NORMAL,1,0
296,2026-10-02T19:28:03.164949,SIMULATION,AQUATWIN-SIM-01,150.0,0.0,0.0,0.0,229000,NORMAL,0,0
295,2026-10-02T19:28:02.131289,SIMULATION,AQUATWIN-SIM-01,150.0,0.0,0.0,0.0,228000,NORMAL,0,0
294,2026-10-02T19:28:01.107964,SIMULATION,AQUATWIN-SIM-01,150.0,0.0,0.0,0.0,227000,NORMAL,1,0
292,2026-10-02T19:28:00.089008,SIMULATION,AQUATWIN-SIM-01,150.0,0.0,0.0,0.0,226000,NORMAL,0,0
291,2026-10-02T19:27:59.068546,SIMULATION,AQUATWIN-SIM-01,150.0,0.0,0.0,0.0,225000,NORMAL,0,0
290,2026-10-02T19:27:58.029776,SIMULATION,AQUATWIN-SIM-01,150.0,0.0,0.0,0.0,224000,NORMAL,1,0
288,2026-10-02T19:27:56.997187,SIMULATION,AQUATWIN-SIM-01,150.0,0.0,0.0,0.0,223000,NORMAL,0,0
287,2026-10-02T19:27:55.961078,SIMULATION,AQUATWIN-SIM-01,150.0,0.0,0.0,0.0,222000,NORMAL,0,0
286,2026-10-02T19:27:54.932037,SIMULATION,AQUATWIN-SIM-01,150.0,0.0,0.0,0.0,221000,NORMAL,1,0
284,2026-10-02T19:27:53.908259,SIMULATION,AQUATWIN-SIM-01,150.0,0.0,0.0,0.0,220000,NORMAL,0,0
283,2026-10-02T19:27:52.869430,SIMULATION,AQUATWIN-SIM-01,150.0,0.0,0.0,0.0,219000,NORMAL,0,0
282,2026-10-02T19:27:51.859681,SIMULATION,AQUATWIN-SIM-01,150.0,0.0,0.0,0.0,218000,NORMAL,1,0
280,2026-10-02T19:27:50.839604,SIMULATION,AQUATWIN-SIM-01,150.0,0.0,0.0,0.0,217000,NORMAL,0,0
279,2026-10-02T19:27:49.799977,SIMULATION,AQUATWIN-SIM-01,150.0,0.0,0.0,0.0,216000,NORMAL,0,0
278,2026-10-02T19:27:48.763328,SIMULATION,AQUATWIN-SIM-01,150.0,0.0,0.0,0.0,215000,NORMAL,1,0
276,2026-10-02T19:27:47.737814,SIMULATION,AQUATWIN-SIM-01,150.0,0.0,0.0,0.0,214000,NORMAL,0,0
275,2026-10-02T19:27:46.695703,SIMULATION,AQUATWIN-SIM-01,150.0,0.0,0.0,0.0,213000,NORMAL,0,0
274,2026-10-02T19:27:45.675826,SIMULATION,AQUATWIN-SIM-01,150.0,0.0,0.0,0.0,212000,NORMAL,1,0
272,2026-10-02T19:27:44.642659,SIMULATION,AQUATWIN-SIM-01,150.0,0.0,0.0,0.0,211000,NORMAL,0,0
271,2026-10-02T19:27:43.607496,SIMULATION,AQUATWIN-SIM-01,150.0,0.0,0.0,0.0,210000,NORMAL,0,0
270,2026-10-02T19:27:42.597184,SIMULATION,AQUATWIN-SIM-01,150.0,0.0,0.0,0.0,209000,NORMAL,1,0
268,2026-10-02T19:27:41.575210,SIMULATION,AQUATWIN-SIM-01,150.0,0.0,0.0,0.0,208000,NORMAL,0,0
267,2026-10-02T19:27:40.543012,SIMULATION,AQUATWIN-SIM-01,150.0,0.0,0.0,0.0,207000,NORMAL,0,0
266,2026-10-02T19:27:39.519032,SIMULATION,AQUATWIN-SIM-01,150.0,0.0,0.0,0.0,206000,NORMAL,1,0
264,2026-10-02T19:27:38.480127,SIMULATION,AQUATWIN-SIM-01,150.0,0.0,0.0,0.0,205000,NORMAL,0,0
263,2026-10-02T19:27:37.446079,SIMULATION,AQUATWIN-SIM-01,150.0,0.0,0.0,0.0,204000,NORMAL,0,0
262,2026-10-02T19:27:36.414227,SIMULATION,AQUATWIN-SIM-01,150.0,0.0,0.0,0.0,203000,NORMAL,1,0
260,2026-10-02T19:27:35.391784,SIMULATION,AQUATWIN-SIM-01,150.0,0.0,0.0,0.0,202000,NORMAL,0,0
259,2026-10-02T19:27:34.355323,SIMULATION,AQUATWIN-SIM-01,150.0,0.0,0.0,0.0,201000,NORMAL,0,0
258,2026-10-02T19:27:33.332962,SIMULATION,AQUATWIN-SIM-01,150.0,0.0,0.0,0.0,200000,NORMAL,1,0
256,2026-10-02T19:27:32.311362,SIMULATION,AQUATWIN-SIM-01,150.0,0.0,0.0,0.0,199000,NORMAL,0,0
255,2026-10-02T19:27:31.286799,SIMULATION,AQUATWIN-SIM-01,150.0,0.0,0.0,0.0,198000,NORMAL,0,0
254,2026-10-02T19:27:30.266883,SIMULATION,AQUATWIN-SIM-01,150.0,0.0,0.0,0.0,197000,NORMAL,1,0
252,2026-10-02T19:27:29.249227,SIMULATION,AQUATWIN-SIM-01,150.0,0.0,0.0,0.0,196000,NORMAL,0,0
251,2026-10-02T19:27:28.225808,SIMULATION,AQUATWIN-SIM-01,150.0,0.0,0.0,0.0,195000,NORMAL,0,0
250,2026-10-02T19:27:27.191178,SIMULATION,AQUATWIN-SIM-01,150.0,0.0,0.0,0.0,194000,NORMAL,1,0
248,2026-10-02T19:27:26.153796,SIMULATION,AQUATWIN-SIM-01,150.0,0.0,0.0,0.0,193000,NORMAL,0,0
247,2026-10-02T19:27:25.120682,SIMULATION,AQUATWIN-SIM-01,150.0,0.0,0.0,0.0,192000,NORMAL,0,0
246,2026-10-02T19:27:24.086589,SIMULATION,AQUATWIN-SIM-01,150.0,0.0,0.0,0.0,191000,NORMAL,1,0
244,2026-10-02T19:27:23.093910,SIMULATION,AQUATWIN-SIM-01,150.0,0.0,0.0,0.0,190000,NORMAL,0,0
243,2026-10-02T19:27:22.082705,SIMULATION,AQUATWIN-SIM-01,150.0,0.0,0.0,0.0,189000,NORMAL,0,0
242,2026-10-02T19:27:21.042217,SIMULATION,AQUATWIN-SIM-01,150.0,0.0,0.0,0.0,188000,NORMAL,1,0
240,2026-10-02T19:27:20.006765,SIMULATION,AQUATWIN-SIM-01,150.0,0.0,0.0,0.0,187000,NORMAL,0,0
239,2026-10-02T19:27:18.970860,SIMULATION,AQUATWIN-SIM-01,150.0,0.0,0.0,0.0,186000,NORMAL,0,0
238,2026-10-02T19:27:17.916378,SIMULATION,AQUATWIN-SIM-01,150.0,0.0,0.0,0.0,185000,NORMAL,1,0
236,2026-10-02T19:27:16.902801,SIMULATION,AQUATWIN-SIM-01,150.0,0.0,0.0,0.0,184000,NORMAL,0,0
235,2026-10-02T19:27:15.881981,SIMULATION,AQUATWIN-SIM-01,150.0,0.0,0.0,0.0,183000,NORMAL,0,0
234,2026-10-02T19:27:14.875195,SIMULATION,AQUATWIN-SIM-01,150.0,0.0,0.0,0.0,182000,NORMAL,1,0
232,2026-10-02T19:27:13.851397,SIMULATION,AQUATWIN-SIM-01,150.0,0.0,0.0,0.0,181000,NORMAL,0,0
231,2026-10-02T19:27:12.836755,SIMULATION,AQUATWIN-SIM-01,150.0,0.0,0.0,0.0,180000,NORMAL,0,0
230,2026-10-02T19:27:11.780701,SIMULATION,AQUATWIN-SIM-01,150.0,0.0,0.0,0.0,179000,NORMAL,1,0
228,2026-10-02T19:27:10.759697,SIMULATION,AQUATWIN-SIM-01,150.0,0.0,0.0,0.0,178000,NORMAL,0,0
227,2026-10-02T19:27:09.721041,SIMULATION,AQUATWIN-SIM-01,150.0,0.0,0.0,0.0,177000,NORMAL,0,0
226,2026-10-02T19:27:08.685998,SIMULATION,AQUATWIN-SIM-01,150.0,0.0,0.0,0.0,176000,NORMAL,1,0
224,2026-10-02T19:27:07.636152,SIMULATION,AQUATWIN-SIM-01,150.0,0.0,0.0,0.0,175000,NORMAL,0,0
223,2026-10-02T19:27:06.629722,SIMULATION,AQUATWIN-SIM-01,150.0,0.0,0.0,0.0,174000,NORMAL,0,0
222,2026-10-02T19:27:05.607477,SIMULATION,AQUATWIN-SIM-01,150.0,0.0,0.0,0.0,173000,NORMAL,1,0
220,2026-10-02T19:27:04.539820,SIMULATION,AQUATWIN-SIM-01,150.0,0.0,0.0,0.0,172000,NORMAL,0,0
219,2026-10-02T19:27:03.535404,SIMULATION,AQUATWIN-SIM-01,150.0,0.0,0.0,0.0,171000,NORMAL,0,0
218,2026-10-02T19:27:02.496580,SIMULATION,AQUATWIN-SIM-01,150.0,0.0,0.0,0.0,170000,NORMAL,1,0
216,2026-10-02T19:27:01.461160,SIMULATION,AQUATWIN-SIM-01,150.0,0.0,0.0,0.0,169000,NORMAL,0,0
215,2026-10-02T19:27:00.403902,SIMULATION,AQUATWIN-SIM-01,150.0,0.0,0.0,0.0,168000,NORMAL,0,0
214,2026-10-02T19:26:59.370227,SIMULATION,AQUATWIN-SIM-01,150.0,0.0,0.0,0.0,167000,NORMAL,1,0
212,2026-10-02T19:26:58.366293,SIMULATION,AQUATWIN-SIM-01,150.0,0.0,0.0,0.0,166000,NORMAL,0,0
211,2026-10-02T19:26:57.342749,SIMULATION,AQUATWIN-SIM-01,150.0,0.0,0.0,0.0,165000,NORMAL,0,0
210,2026-10-02T19:26:56.289240,SIMULATION,AQUATWIN-SIM-01,150.0,0.0,0.0,0.0,164000,NORMAL,1,0
208,2026-10-02T19:26:55.254998,SIMULATION,AQUATWIN-SIM-01,150.0,0.0,0.0,0.0,163000,NORMAL,0,0
207,2026-10-02T19:26:54.235801,SIMULATION,AQUATWIN-SIM-01,150.0,0.0,0.0,0.0,162000,NORMAL,0,0
206,2026-10-02T19:26:53.213826,SIMULATION,AQUATWIN-SIM-01,150.0,0.0,0.0,0.0,161000,NORMAL,1,0
204,2026-10-02T19:26:52.179843,SIMULATION,AQUATWIN-SIM-01,150.0,0.0,0.0,0.0,160000,NORMAL,0,0
203,2026-10-02T19:26:51.170119,SIMULATION,AQUATWIN-SIM-01,150.0,0.0,0.0,0.0,159000,NORMAL,0,0
202,2026-10-02T19:26:50.132620,SIMULATION,AQUATWIN-SIM-01,150.0,0.0,0.0,0.0,158000,NORMAL,1,0
200,2026-10-02T19:26:49.106778,SIMULATION,AQUATWIN-SIM-01,150.0,0.0,0.0,0.0,157000,NORMAL,0,0
199,2026-10-02T19:26:48.069379,SIMULATION,AQUATWIN-SIM-01,150.0,0.0,0.0,0.0,156000,NORMAL,0,0
198,2026-10-02T19:26:47.038389,SIMULATION,AQUATWIN-SIM-01,150.0,0.0,0.0,0.0,155000,NORMAL,1,0
196,2026-10-02T19:26:46.018387,SIMULATION,AQUATWIN-SIM-01,150.0,0.0,0.0,0.0,154000,NORMAL,0,0
195,2026-10-02T19:26:44.983799,SIMULATION,AQUATWIN-SIM-01,150.0,0.0,0.0,0.0,153000,NORMAL,0,0
194,2026-10-02T19:26:43.950428,SIMULATION,AQUATWIN-SIM-01,150.0,0.0,0.0,0.0,152000,NORMAL,1,0
192,2026-10-02T19:26:42.917488,SIMULATION,AQUATWIN-SIM-01,150.0,0.0,0.0,0.0,151000,NORMAL,0,0
191,2026-10-02T19:26:41.892019,SIMULATION,AQUATWIN-SIM-01,150.0,0.0,0.0,0.0,150000,NORMAL,0,0
190,2026-10-02T19:26:40.856707,SIMULATION,AQUATWIN-SIM-01,150.0,0.0,0.0,0.0,149000,NORMAL,1,0
188,2026-10-02T19:26:39.815519,SIMULATION,AQUATWIN-SIM-01,150.0,0.0,0.0,0.0,148000,NORMAL,0,0
187,2026-10-02T19:26:38.778262,SIMULATION,AQUATWIN-SIM-01,150.0,0.0,0.0,0.0,147000,NORMAL,0,0
186,2026-10-02T19:26:37.755472,SIMULATION,AQUATWIN-SIM-01,150.0,0.0,0.0,0.0,146000,NORMAL,1,0
184,2026-10-02T19:26:36.714742,SIMULATION,AQUATWIN-SIM-01,150.0,0.0,0.0,0.0,145000,NORMAL,0,0
183,2026-10-02T19:26:35.709509,SIMULATION,AQUATWIN-SIM-01,150.0,0.0,0.0,0.0,144000,NORMAL,0,0
182,2026-10-02T19:26:34.672721,SIMULATION,AQUATWIN-SIM-01,150.0,0.0,0.0,0.0,143000,NORMAL,1,0
180,2026-10-02T19:26:33.634092,SIMULATION,AQUATWIN-SIM-01,150.0,0.0,0.0,0.0,142000,NORMAL,0,0
179,2026-10-02T19:26:32.596037,SIMULATION,AQUATWIN-SIM-01,150.0,0.0,0.0,0.0,141000,NORMAL,0,0
178,2026-10-02T19:26:31.559040,SIMULATION,AQUATWIN-SIM-01,150.0,0.0,0.0,0.0,140000,NORMAL,1,0
176,2026-10-02T19:26:30.537284,SIMULATION,AQUATWIN-SIM-01,150.0,0.0,0.0,0.0,139000,NORMAL,0,0
175,2026-10-02T19:26:29.512823,SIMULATION,AQUATWIN-SIM-01,150.0,0.0,0.0,0.0,138000,NORMAL,0,0
174,2026-10-02T19:26:28.473357,SIMULATION,AQUATWIN-SIM-01,150.0,0.0,0.0,0.0,137000,NORMAL,1,0
172,2026-10-02T19:26:27.434870,SIMULATION,AQUATWIN-SIM-01,150.0,0.0,0.0,0.0,136000,NORMAL,0,0
171,2026-10-02T19:26:26.407092,SIMULATION,AQUATWIN-SIM-01,150.0,0.0,0.0,0.0,135000,NORMAL,0,0
170,2026-10-02T19:26:25.369427,SIMULATION,AQUATWIN-SIM-01,150.0,0.0,0.0,0.0,134000,NORMAL,1,0
168,2026-10-02T19:26:24.336207,SIMULATION,AQUATWIN-SIM-01,150.0,0.0,0.0,0.0,133000,NORMAL,0,0
167,2026-10-02T19:26:23.309960,SIMULATION,AQUATWIN-SIM-01,150.0,0.0,0.0,0.0,132000,NORMAL,0,0
166,2026-10-02T19:26:22.272712,SIMULATION,AQUATWIN-SIM-01,150.0,0.0,0.0,0.0,131000,NORMAL,1,0
164,2026-10-02T19:26:21.251067,SIMULATION,AQUATWIN-SIM-01,150.0,0.0,0.0,0.0,130000,NORMAL,0,0
163,2026-10-02T19:26:20.212561,SIMULATION,AQUATWIN-SIM-01,150.0,0.0,0.0,0.0,129000,NORMAL,0,0
162,2026-10-02T19:26:19.186866,SIMULATION,AQUATWIN-SIM-01,150.0,0.0,0.0,0.0,128000,NORMAL,1,0
160,2026-10-02T19:26:18.152035,SIMULATION,AQUATWIN-SIM-01,150.0,0.0,0.0,0.0,127000,NORMAL,0,0
159,2026-10-02T19:26:17.144525,SIMULATION,AQUATWIN-SIM-01,150.0,0.0,0.0,0.0,126000,NORMAL,0,0
158,2026-10-02T19:26:16.119834,SIMULATION,AQUATWIN-SIM-01,150.0,0.0,0.0,0.0,125000,NORMAL,1,0
156,2026-10-02T19:26:15.099819,SIMULATION,AQUATWIN-SIM-01,150.0,0.0,0.0,0.0,124000,NORMAL,0,0
155,2026-10-02T19:26:14.060636,SIMULATION,AQUATWIN-SIM-01,150.0,0.0,0.0,0.0,123000,NORMAL,0,0
154,2026-10-02T19:26:13.024813,SIMULATION,AQUATWIN-SIM-01,150.0,0.0,0.0,0.0,122000,NORMAL,1,0
152,2026-10-02T19:26:12.003256,SIMULATION,AQUATWIN-SIM-01,150.0,0.0,0.0,0.0,121000,NORMAL,0,0
151,2026-10-02T19:26:10.964215,SIMULATION,AQUATWIN-SIM-01,150.0,0.0,0.0,0.0,120000,NORMAL,0,0
150,2026-10-02T19:26:09.929413,SIMULATION,AQUATWIN-SIM-01,150.0,0.0,0.0,0.0,119000,NORMAL,1,0
148,2026-10-02T19:26:08.911728,SIMULATION,AQUATWIN-SIM-01,150.0,0.0,0.0,0.0,118000,NORMAL,0,0
147,2026-10-02T19:26:07.889954,SIMULATION,AQUATWIN-SIM-01,150.0,0.0,0.0,0.0,117000,NORMAL,0,0
146,2026-10-02T19:26:06.856403,SIMULATION,AQUATWIN-SIM-01,150.0,0.0,0.0,0.0,116000,NORMAL,1,0
144,2026-10-02T19:26:05.848096,SIMULATION,AQUATWIN-SIM-01,150.0,0.0,0.0,0.0,115000,NORMAL,0,0
143,2026-10-02T19:26:04.829298,SIMULATION,AQUATWIN-SIM-01,150.0,0.0,0.0,0.0,114000,NORMAL,0,0
142,2026-10-02T19:26:03.793733,SIMULATION,AQUATWIN-SIM-01,150.0,0.0,0.0,0.0,113000,NORMAL,1,0
140,2026-10-02T19:26:02.756494,SIMULATION,AQUATWIN-SIM-01,150.0,0.0,0.0,0.0,112000,NORMAL,0,0
139,2026-10-02T19:26:01.723433,SIMULATION,AQUATWIN-SIM-01,150.0,0.0,0.0,0.0,111000,NORMAL,0,0
138,2026-10-02T19:26:00.681445,SIMULATION,AQUATWIN-SIM-01,150.0,0.0,0.0,0.0,110000,NORMAL,1,0
136,2026-10-02T19:25:59.656185,SIMULATION,AQUATWIN-SIM-01,150.0,0.0,0.0,0.0,109000,NORMAL,0,0
135,2026-10-02T19:25:58.612270,SIMULATION,AQUATWIN-SIM-01,150.0,0.0,0.0,0.0,108000,NORMAL,0,0
134,2026-10-02T19:25:57.587031,SIMULATION,AQUATWIN-SIM-01,150.0,0.0,0.0,0.0,107000,NORMAL,1,0
132,2026-10-02T19:25:56.563992,SIMULATION,AQUATWIN-SIM-01,150.0,0.0,0.0,0.0,106000,NORMAL,0,0
131,2026-10-02T19:25:55.540104,SIMULATION,AQUATWIN-SIM-01,150.0,0.0,0.0,0.0,105000,NORMAL,0,0
130,2026-10-02T19:25:54.502923,SIMULATION,AQUATWIN-SIM-01,150.0,0.0,0.0,0.0,104000,NORMAL,1,0
128,2026-10-02T19:25:53.496700,SIMULATION,AQUATWIN-SIM-01,150.0,0.0,0.0,0.0,103000,NORMAL,0,0
127,2026-10-02T19:25:52.470481,SIMULATION,AQUATWIN-SIM-01,150.0,0.0,0.0,0.0,102000,NORMAL,0,0
126,2026-10-02T19:25:51.441983,SIMULATION,AQUATWIN-SIM-01,150.0,0.0,0.0,0.0,101000,NORMAL,1,0
124,2026-10-02T19:25:50.416625,SIMULATION,AQUATWIN-SIM-01,150.0,0.0,0.0,0.0,100000,NORMAL,0,0
123,2026-10-02T19:25:49.403188,SIMULATION,AQUATWIN-SIM-01,149.2,0.8,0.5,5.0,99000,NORMAL,0,0
122,2026-10-02T19:25:48.377949,SIMULATION,AQUATWIN-SIM-01,148.5,1.5,1.0,10.0,98000,NORMAL,1,0
120,2026-10-02T19:25:47.384529,SIMULATION,AQUATWIN-SIM-01,147.8,2.2,1.5,15.0,97000,NORMAL,0,0
119,2026-10-02T19:25:46.386595,SIMULATION,AQUATWIN-SIM-01,147.0,3.0,2.0,20.0,96000,NORMAL,0,0
118,2026-10-02T19:25:45.360922,SIMULATION,AQUATWIN-SIM-01,146.2,3.8,2.5,25.0,95000,NORMAL,1,0
116,2026-10-02T19:25:44.336135,SIMULATION,AQUATWIN-SIM-01,145.5,4.5,3.0,30.0,94000,NORMAL,0,0
115,2026-10-02T19:25:43.308083,SIMULATION,AQUATWIN-SIM-01,144.7,5.3,3.5,35.0,93000,NORMAL,0,0
114,2026-10-02T19:25:42.279223,SIMULATION,AQUATWIN-SIM-01,144.0,6.0,4.0,40.0,92000,NORMAL,1,0
112,2026-10-02T19:25:41.262142,SIMULATION,AQUATWIN-SIM-01,143.2,6.8,4.5,45.0,91000,NORMAL,0,0
111,2026-10-02T19:25:40.235525,SIMULATION,AQUATWIN-SIM-01,142.5,7.5,5.0,50.0,90000,NORMAL,0,0
110,2026-10-02T19:25:39.209645,SIMULATION,AQUATWIN-SIM-01,141.8,8.2,5.5,55.0,89000,NORMAL,1,0
108,2026-10-02T19:25:38.212272,SIMULATION,AQUATWIN-SIM-01,141.0,9.0,6.0,60.0,88000,NORMAL,0,0
107,2026-10-02T19:25:37.188176,SIMULATION,AQUATWIN-SIM-01,140.2,9.8,6.5,65.0,87000,NORMAL,0,0
106,2026-10-02T19:25:36.177069,SIMULATION,AQUATWIN-SIM-01,139.5,10.5,7.0,70.0,86000,NORMAL,1,0
104,2026-10-02T19:25:35.180994,SIMULATION,AQUATWIN-SIM-01,138.8,11.2,7.5,75.0,85000,NORMAL,0,0
103,2026-10-02T19:25:34.182015,SIMULATION,AQUATWIN-SIM-01,138.0,12.0,8.0,80.0,84000,NORMAL,0,0
102,2026-10-02T19:25:33.174702,SIMULATION,AQUATWIN-SIM-01,137.2,12.8,8.5,85.0,83000,NORMAL,1,0
100,2026-10-02T19:25:32.136393,SIMULATION,AQUATWIN-SIM-01,136.5,13.5,9.0,90.0,82000,NORMAL,0,0
99,2026-10-02T19:25:31.125061,SIMULATION,AQUATWIN-SIM-01,135.8,14.2,9.5,95.0,81000,NORMAL,0,0
98,2026-10-02T19:25:30.125750,SIMULATION,AQUATWIN-SIM-01,135.0,15.0,10.0,100.0,80000,NORMAL,0,0
97,2026-10-02T19:25:29.098309,SIMULATION,AQUATWIN-SIM-01,134.2,15.8,10.5,105.0,79000,NORMAL,1,0
95,2026-10-02T19:25:28.076090,SIMULATION,AQUATWIN-SIM-01,133.5,16.5,11.0,110.0,78000,NORMAL,0,0
94,2026-10-02T19:25:27.065580,SIMULATION,AQUATWIN-SIM-01,132.8,17.2,11.5,115.0,77000,NORMAL,0,0
93,2026-10-02T19:25:26.041157,SIMULATION,AQUATWIN-SIM-01,132.0,18.0,12.0,120.0,76000,NORMAL,1,0
91,2026-10-02T19:25:25.012109,SIMULATION,AQUATWIN-SIM-01,131.2,18.8,12.5,125.0,75000,NORMAL,0,0
90,2026-10-02T19:25:24.000341,SIMULATION,AQUATWIN-SIM-01,130.5,19.5,13.0,130.0,74000,NORMAL,0,0
89,2026-10-02T19:25:22.972807,SIMULATION,AQUATWIN-SIM-01,129.8,20.2,13.5,135.0,73000,NORMAL,1,0
87,2026-10-02T19:25:21.965552,SIMULATION,AQUATWIN-SIM-01,129.0,21.0,14.0,140.0,72000,NORMAL,0,0
86,2026-10-02T19:25:20.941006,SIMULATION,AQUATWIN-SIM-01,128.2,21.8,14.5,145.0,71000,NORMAL,0,0
85,2026-10-02T19:25:19.913201,SIMULATION,AQUATWIN-SIM-01,127.5,22.5,15.0,150.0,70000,NORMAL,1,0
83,2026-10-02T19:25:18.887707,SIMULATION,AQUATWIN-SIM-01,126.8,23.2,15.5,155.0,69000,NORMAL,0,0
82,2026-10-02T19:25:17.878371,SIMULATION,AQUATWIN-SIM-01,126.0,24.0,16.0,160.0,68000,NORMAL,0,0
81,2026-10-02T19:25:16.868521,SIMULATION,AQUATWIN-SIM-01,125.2,24.8,16.5,165.0,67000,NORMAL,1,0
79,2026-10-02T19:25:15.884879,SIMULATION,AQUATWIN-SIM-01,124.5,25.5,17.0,170.0,66000,NORMAL,0,0
78,2026-10-02T19:25:14.876515,SIMULATION,AQUATWIN-SIM-01,123.8,26.2,17.5,175.0,65000,NORMAL,0,0
77,2026-10-02T19:25:13.881217,SIMULATION,AQUATWIN-SIM-01,123.0,27.0,18.0,180.0,64000,NORMAL,1,0
75,2026-10-02T19:25:12.884768,SIMULATION,AQUATWIN-SIM-01,122.2,27.8,18.5,185.0,63000,NORMAL,0,0
74,2026-10-02T19:25:11.875196,SIMULATION,AQUATWIN-SIM-01,121.5,28.5,19.0,190.0,62000,NORMAL,0,0
73,2026-10-02T19:25:10.862114,SIMULATION,AQUATWIN-SIM-01,120.8,29.2,19.5,195.0,61000,NORMAL,1,0
71,2026-10-02T19:25:09.836667,SIMULATION,AQUATWIN-SIM-01,120.0,30.0,20.0,200.0,60000,NORMAL,0,0
70,2026-10-02T19:25:08.842226,SIMULATION,AQUATWIN-SIM-01,119.3,30.7,20.5,205.0,59000,NORMAL,0,0
69,2026-10-02T19:25:07.816793,SIMULATION,AQUATWIN-SIM-01,118.5,31.5,21.0,210.0,58000,NORMAL,1,0
67,2026-10-02T19:25:06.804520,SIMULATION,AQUATWIN-SIM-01,117.8,32.2,21.5,215.0,57000,NORMAL,0,0
66,2026-10-02T19:25:05.805927,SIMULATION,AQUATWIN-SIM-01,117.0,33.0,22.0,220.0,56000,NORMAL,0,0
65,2026-10-02T19:25:04.797165,SIMULATION,AQUATWIN-SIM-01,116.2,33.8,22.5,225.0,55000,NORMAL,0,0
63,2026-10-02T19:25:03.781785,SIMULATION,AQUATWIN-SIM-01,115.5,34.5,23.0,230.0,54000,NORMAL,0,0
62,2026-10-02T19:25:02.772035,SIMULATION,AQUATWIN-SIM-01,114.8,35.2,23.5,235.0,53000,NORMAL,0,0
61,2026-10-02T19:25:01.772982,SIMULATION,AQUATWIN-SIM-01,114.0,36.0,24.0,240.0,52000,NORMAL,0,0
59,2026-10-02T19:25:00.764540,SIMULATION,AQUATWIN-SIM-01,113.2,36.8,24.5,245.0,51000,NORMAL,0,0
58,2026-10-02T19:24:59.724353,SIMULATION,AQUATWIN-SIM-01,112.5,37.5,25.0,250.0,50000,NORMAL,0,0
57,2026-10-02T19:24:58.700086,SIMULATION,AQUATWIN-SIM-01,111.8,38.2,25.5,255.0,49000,NORMAL,0,0
55,2026-10-02T19:24:57.673094,SIMULATION,AQUATWIN-SIM-01,111.0,39.0,26.0,260.0,48000,NORMAL,0,0
54,2026-10-02T19:24:56.675744,SIMULATION,AQUATWIN-SIM-01,110.2,39.8,26.5,265.0,47000,NORMAL,0,0
53,2026-10-02T19:24:55.665264,SIMULATION,AQUATWIN-SIM-01,109.5,40.5,27.0,270.0,46000,NORMAL,0,0
51,2026-10-02T19:24:54.653633,SIMULATION,AQUATWIN-SIM-01,108.8,41.2,27.5,275.0,45000,NORMAL,0,0
50,2026-10-02T19:24:53.640986,SIMULATION,AQUATWIN-SIM-01,108.0,42.0,28.0,280.0,44000,NORMAL,0,0
49,2026-10-02T19:24:52.631147,SIMULATION,AQUATWIN-SIM-01,107.3,42.7,28.5,285.0,43000,NORMAL,0,0
47,2026-10-02T19:24:51.615797,SIMULATION,AQUATWIN-SIM-01,106.5,43.5,29.0,290.0,42000,NORMAL,0,0
46,2026-10-02T19:24:50.606348,SIMULATION,AQUATWIN-SIM-01,105.8,44.2,29.5,295.0,41000,NORMAL,0,0
45,2026-10-02T19:24:49.579956,SIMULATION,AQUATWIN-SIM-01,105.0,45.0,30.0,300.0,40000,NORMAL,0,0
43,2026-10-02T19:24:48.566434,SIMULATION,AQUATWIN-SIM-01,104.2,45.8,30.5,305.0,39000,NORMAL,0,0
42,2026-10-02T19:24:47.554588,SIMULATION,AQUATWIN-SIM-01,103.5,46.5,31.0,310.0,38000,NORMAL,0,0
41,2026-10-02T19:24:46.540305,SIMULATION,AQUATWIN-SIM-01,102.8,47.2,31.5,315.0,37000,NORMAL,0,0
39,2026-10-02T19:24:45.516116,SIMULATION,AQUATWIN-SIM-01,102.0,48.0,32.0,320.0,36000,NORMAL,0,0
38,2026-10-02T19:24:44.486318,SIMULATION,AQUATWIN-SIM-01,101.2,48.8,32.5,325.0,35000,NORMAL,0,0
37,2026-10-02T19:24:43.479004,SIMULATION,AQUATWIN-SIM-01,100.5,49.5,33.0,330.0,34000,NORMAL,0,0
35,2026-10-02T19:24:42.456663,SIMULATION,AQUATWIN-SIM-01,99.8,50.2,33.5,335.0,33000,NORMAL,0,0
34,2026-10-02T19:24:41.429932,SIMULATION,AQUATWIN-SIM-01,99.0,51.0,34.0,340.0,32000,NORMAL,0,0
33,2026-10-02T19:24:40.433500,SIMULATION,AQUATWIN-SIM-01,98.3,51.7,34.5,345.0,31000,NORMAL,0,0
31,2026-10-02T19:24:39.408431,SIMULATION,AQUATWIN-SIM-01,97.5,52.5,35.0,350.0,30000,NORMAL,0,0
30,2026-10-02T19:24:38.395520,SIMULATION,AQUATWIN-SIM-01,96.8,53.2,35.5,355.0,29000,NORMAL,0,0
29,2026-10-02T19:24:37.367684,SIMULATION,AQUATWIN-SIM-01,96.0,54.0,36.0,360.0,28000,NORMAL,0,0
27,2026-10-02T19:24:36.388014,SIMULATION,AQUATWIN-SIM-01,95.2,54.8,36.5,365.0,27000,NORMAL,0,0
26,2026-10-02T19:24:35.377589,SIMULATION,AQUATWIN-SIM-01,94.5,55.5,37.0,370.0,26000,NORMAL,0,0
25,2026-10-02T19:24:34.336268,SIMULATION,AQUATWIN-SIM-01,93.8,56.2,37.5,375.0,25000,NORMAL,0,0
24,2026-10-02T19:24:33.313475,SIMULATION,AQUATWIN-SIM-01,93.0,57.0,38.0,380.0,24000,NORMAL,0,0
23,2026-10-02T19:24:32.288363,SIMULATION,AQUATWIN-SIM-01,92.2,57.8,38.5,385.0,23000,NORMAL,0,0
22,2026-10-02T19:24:31.269830,SIMULATION,AQUATWIN-SIM-01,91.5,58.5,39.0,390.0,22000,NORMAL,0,0
21,2026-10-02T19:24:30.258663,SIMULATION,AQUATWIN-SIM-01,90.8,59.2,39.5,395.0,21000,NORMAL,0,0
20,2026-10-02T19:24:29.247239,SIMULATION,AQUATWIN-SIM-01,90.0,60.0,40.0,400.0,20000,NORMAL,0,0
19,2026-10-02T19:24:28.249802,SIMULATION,AQUATWIN-SIM-01,89.2,60.8,40.5,405.0,19000,NORMAL,0,0
18,2026-10-02T19:24:27.224632,SIMULATION,AQUATWIN-SIM-01,88.5,61.5,41.0,410.0,18000,NORMAL,0,0
17,2026-10-02T19:24:26.226889,SIMULATION,AQUATWIN-SIM-01,87.8,62.2,41.5,415.0,17000,NORMAL,0,0
16,2026-10-02T19:24:25.230966,SIMULATION,AQUATWIN-SIM-01,87.0,63.0,42.0,420.0,16000,NORMAL,0,0
15,2026-10-02T19:24:24.201095,SIMULATION,AQUATWIN-SIM-01,86.2,63.8,42.5,425.0,15000,NORMAL,0,0
14,2026-10-02T19:24:23.185172,SIMULATION,AQUATWIN-SIM-01,85.5,64.5,43.0,430.0,14000,NORMAL,0,0
13,2026-10-02T19:24:22.156472,SIMULATION,AQUATWIN-SIM-01,84.8,65.2,43.5,435.0,13000,NORMAL,0,0
12,2026-10-02T19:24:21.095411,SIMULATION,AQUATWIN-SIM-01,84.0,66.0,44.0,440.0,12000,NORMAL,0,0
11,2026-10-02T19:24:20.057669,SIMULATION,AQUATWIN-SIM-01,83.2,66.8,44.5,445.0,11000,NORMAL,0,0
10,2026-10-02T19:24:19.017747,SIMULATION,AQUATWIN-SIM-01,82.5,67.5,45.0,450.0,10000,NORMAL,0,0
9,2026-10-02T19:24:17.992202,SIMULATION,AQUATWIN-SIM-01,81.8,68.2,45.5,455.0,9000,NORMAL,0,0
8,2026-10-02T19:24:16.981576,SIMULATION,AQUATWIN-SIM-01,81.0,69.0,46.0,460.0,8000,NORMAL,0,0
7,2026-10-02T19:24:15.969620,SIMULATION,AQUATWIN-SIM-01,80.2,69.8,46.5,465.0,7000,NORMAL,0,0
6,2026-10-02T19:24:14.976066,SIMULATION,AQUATWIN-SIM-01,79.5,70.5,47.0,470.0,6000,NORMAL,0,0
5,2026-10-02T19:24:13.976622,SIMULATION,AQUATWIN-SIM-01,78.8,71.2,47.5,475.0,5000,NORMAL,0,0
4,2026-10-02T19:24:12.979703,SIMULATION,AQUATWIN-SIM-01,78.0,72.0,48.0,480.0,4000,NORMAL,0,0
3,2026-10-02T19:24:11.970003,SIMULATION,AQUATWIN-SIM-01,77.2,72.8,48.5,485.0,3000,NORMAL,0,0
2,2026-10-02T19:24:10.938801,SIMULATION,AQUATWIN-SIM-01,76.5,73.5,49.0,490.0,2000,NORMAL,0,0
1,2026-10-02T19:24:09.915731,SIMULATION,AQUATWIN-SIM-01,75.8,74.2,49.5,495.0,1000,NORMAL,0,0
